image_path,prompt,correct_answer
./images/3531_B2opt_data.0001.png,"This is a X-ray diffraction image. Which option is correct about the anomalies present?:
A. strong background
B. artifact and ice ring
C. diffuse scattering and loop scattering
D. background ring and non-uniform detector
IMPORTANT: Please do not give any explanation. Answer with the option's letter from the given choices directly.",D. background ring and non-uniform detector
./images/55315_2_001.png,"This is a X-ray diffraction image. Which option is correct about the anomalies present?:
A. non-uniform detector, loop scattering and artifact
B. diffuse scattering and ice ring
C. background ring
D. strong background
IMPORTANT: Please do not give any explanation. Answer with the option's letter from the given choices directly.",B. diffuse scattering and ice ring
./images/175943_1_E1_00001.png,"This is a X-ray diffraction image. Which option is correct about the anomalies present?:
A. loop scattering
B. diffuse scattering and ice ring
C. non-uniform detector
D. strong background and artifact
IMPORTANT: Please do not give any explanation. Answer with the option's letter from the given choices directly.",D. strong background and artifact
./images/86977_2_E1_001.png,"This is a X-ray diffraction image. Which option is correct about the anomalies present?:
A. diffuse scattering and background ring
B. loop scattering and strong background
C. ice ring
D. non-uniform detector
IMPORTANT: Please do not give any explanation. Answer with the option's letter from the given choices directly.",B. loop scattering and strong background
./images/11039_4_001.png,"This is a X-ray diffraction image. Which option is correct about the anomalies present?:
A. background ring, loop scattering and strong background
B. no anomalies
C. diffuse scattering and artifact
D. non-uniform detector and ice ring
IMPORTANT: Please do not give any explanation. Answer with the option's letter from the given choices directly.",B. no anomalies
./images/122870_1_E1_001.png,"This is a X-ray diffraction image. Which option is correct about the anomalies present?:
A. background ring
B. ice ring, non-uniform detector and diffuse scattering
C. loop scattering and strong background
D. artifact
IMPORTANT: Please do not give any explanation. Answer with the option's letter from the given choices directly.",C. loop scattering and strong background
./images/h5h5h3-11_1_001.png,"This is a X-ray diffraction image. Which option is correct about the anomalies present?:
A. loop scattering
B. strong background
C. background ring
D. ice ring, diffuse scattering and non-uniform detector
IMPORTANT: Please do not give any explanation. Answer with the option's letter from the given choices directly.",C. background ring
./images/37235_1_E2_001.png,"This is a X-ray diffraction image. Which option is correct about the anomalies present?:
A. artifact and non-uniform detector
B. diffuse scattering, ice ring and background ring
C. background ring and ice ring
D. loop scattering and strong background
IMPORTANT: Please do not give any explanation. Answer with the option's letter from the given choices directly.",D. loop scattering and strong background
./images/151666_1_E1_0001.png,"This is a X-ray diffraction image. Which option is correct about the anomalies present?:
A. background ring
B. strong background and ice ring
C. artifact, diffuse scattering and non-uniform detector
D. loop scattering
IMPORTANT: Please do not give any explanation. Answer with the option's letter from the given choices directly.",D. loop scattering
./images/12c19p1_2_E3_001.png,"This is a X-ray diffraction image. Which option is correct about the anomalies present?:
A. non-uniform detector and strong background
B. loop scattering
C. artifact
D. ice ring
IMPORTANT: Please do not give any explanation. Answer with the option's letter from the given choices directly.",C. artifact
./images/122185_2_001.png,"This is a X-ray diffraction image. Which option is correct about the anomalies present?:
A. strong background, ice ring and diffuse scattering
B. artifact
C. background ring and loop scattering
D. non-uniform detector
IMPORTANT: Please do not give any explanation. Answer with the option's letter from the given choices directly.",C. background ring and loop scattering
./images/zto7-1.png,"This is a X-ray diffraction image. Which option is correct about the anomalies present?:
A. background ring
B. artifact, ice ring and non-uniform detector
C. loop scattering and strong background
D. diffuse scattering
IMPORTANT: Please do not give any explanation. Answer with the option's letter from the given choices directly.",A. background ring
./images/CPX200403_d2_M3_A7_data.0001.png,"This is a X-ray diffraction image. Which option is correct about the anomalies present?:
A. background ring
B. ice ring, non-uniform detector and strong background
C. artifact and loop scattering
D. diffuse scattering
IMPORTANT: Please do not give any explanation. Answer with the option's letter from the given choices directly.",A. background ring
./images/131032_3_001.png,"This is a X-ray diffraction image. Which option is correct about the anomalies present?:
A. loop scattering and background ring
B. non-uniform detector, strong background and artifact
C. ice ring
D. diffuse scattering
IMPORTANT: Please do not give any explanation. Answer with the option's letter from the given choices directly.",C. ice ring
./images/idp90785a.png,"This is a X-ray diffraction image. Which option is correct about the anomalies present?:
A. diffuse scattering and non-uniform detector
B. background ring
C. loop scattering and ice ring
D. strong background and artifact
IMPORTANT: Please do not give any explanation. Answer with the option's letter from the given choices directly.",B. background ring
./images/p41-m3f2suc2.0001.png,"This is a X-ray diffraction image. Which option is correct about the anomalies present?:
A. background ring and strong background
B. ice ring
C. artifact and non-uniform detector
D. loop scattering and diffuse scattering
IMPORTANT: Please do not give any explanation. Answer with the option's letter from the given choices directly.",B. ice ring
./images/56883_1_E1_001.png,"This is a X-ray diffraction image. Which option is correct about the anomalies present?:
A. ice ring, artifact and loop scattering
B. non-uniform detector and diffuse scattering
C. loop scattering, artifact and ice ring
D. background ring and strong background
IMPORTANT: Please do not give any explanation. Answer with the option's letter from the given choices directly.",D. background ring and strong background
./images/26201_1_E2_001.png,"This is a X-ray diffraction image. Which option is correct about the anomalies present?:
A. loop scattering and non-uniform detector
B. diffuse scattering, strong background and artifact
C. ice ring
D. background ring
IMPORTANT: Please do not give any explanation. Answer with the option's letter from the given choices directly.",A. loop scattering and non-uniform detector
./images/100676_1_E2_001.png,"This is a X-ray diffraction image. Which option is correct about the anomalies present?:
A. background ring
B. artifact and loop scattering
C. no anomalies
D. ice ring and strong background
IMPORTANT: Please do not give any explanation. Answer with the option's letter from the given choices directly.",C. no anomalies
./images/91826_1_001.png,"This is a X-ray diffraction image. Which option is correct about the anomalies present?:
A. non-uniform detector, diffuse scattering and background ring
B. loop scattering and strong background
C. artifact and ice ring
D. diffuse scattering and background ring
IMPORTANT: Please do not give any explanation. Answer with the option's letter from the given choices directly.",B. loop scattering and strong background
./images/960-2_B.png,"This is a X-ray diffraction image. Which option is correct about the anomalies present?:
A. loop scattering, ice ring and artifact
B. non-uniform detector and strong background
C. background ring and diffuse scattering
D. loop scattering, non-uniform detector and strong background
IMPORTANT: Please do not give any explanation. Answer with the option's letter from the given choices directly.",C. background ring and diffuse scattering
./images/88378_1_E1_001.png,"This is a X-ray diffraction image. Which option is correct about the anomalies present?:
A. artifact, diffuse scattering and strong background
B. ice ring and non-uniform detector
C. loop scattering
D. background ring
IMPORTANT: Please do not give any explanation. Answer with the option's letter from the given choices directly.",B. ice ring and non-uniform detector
./images/apc5771_se3.0001.png,"This is a X-ray diffraction image. Which option is correct about the anomalies present?:
A. artifact
B. non-uniform detector and ice ring
C. diffuse scattering and background ring
D. loop scattering and strong background
IMPORTANT: Please do not give any explanation. Answer with the option's letter from the given choices directly.",D. loop scattering and strong background
./images/171391_2_001.png,"This is a X-ray diffraction image. Which option is correct about the anomalies present?:
A. artifact, ice ring and diffuse scattering
B. background ring and non-uniform detector
C. strong background and loop scattering
D. strong background
IMPORTANT: Please do not give any explanation. Answer with the option's letter from the given choices directly.",B. background ring and non-uniform detector
./images/36121_1_E2_001.png,"This is a X-ray diffraction image. Which option is correct about the anomalies present?:
A. ice ring
B. artifact, non-uniform detector and diffuse scattering
C. background ring
D. loop scattering and strong background
IMPORTANT: Please do not give any explanation. Answer with the option's letter from the given choices directly.",D. loop scattering and strong background
./images/apc110119g.png,"This is a X-ray diffraction image. Which option is correct about the anomalies present?:
A. non-uniform detector and artifact
B. ice ring
C. diffuse scattering and strong background
D. background ring and loop scattering
IMPORTANT: Please do not give any explanation. Answer with the option's letter from the given choices directly.",D. background ring and loop scattering
./images/102975_2_001.png,"This is a X-ray diffraction image. Which option is correct about the anomalies present?:
A. background ring and loop scattering
B. ice ring and non-uniform detector
C. diffuse scattering and artifact
D. strong background
IMPORTANT: Please do not give any explanation. Answer with the option's letter from the given choices directly.",A. background ring and loop scattering
./images/5c4p1_1_001.png,"This is a X-ray diffraction image. Which option is correct about the anomalies present?:
A. background ring
B. strong background and artifact
C. diffuse scattering
D. loop scattering and non-uniform detector
IMPORTANT: Please do not give any explanation. Answer with the option's letter from the given choices directly.",B. strong background and artifact
./images/p4_2_001.png,"This is a X-ray diffraction image. Which option is correct about the anomalies present?:
A. ice ring, strong background and diffuse scattering
B. loop scattering
C. artifact
D. background ring and non-uniform detector
IMPORTANT: Please do not give any explanation. Answer with the option's letter from the given choices directly.",D. background ring and non-uniform detector
./images/103051_1_E1_001.png,"This is a X-ray diffraction image. Which option is correct about the anomalies present?:
A. non-uniform detector and strong background
B. ice ring, loop scattering and background ring
C. diffuse scattering
D. artifact
IMPORTANT: Please do not give any explanation. Answer with the option's letter from the given choices directly.",A. non-uniform detector and strong background
./images/170258_1_E1_00001.png,"This is a X-ray diffraction image. Which option is correct about the anomalies present?:
A. loop scattering and strong background
B. non-uniform detector and background ring
C. ice ring
D. artifact and diffuse scattering
IMPORTANT: Please do not give any explanation. Answer with the option's letter from the given choices directly.",A. loop scattering and strong background
./images/169177_2_0001.png,"This is a X-ray diffraction image. Which option is correct about the anomalies present?:
A. background ring and strong background
B. artifact
C. diffuse scattering
D. non-uniform detector, ice ring and loop scattering
IMPORTANT: Please do not give any explanation. Answer with the option's letter from the given choices directly.",A. background ring and strong background
./images/89913_1_E1_001.png,"This is a X-ray diffraction image. Which option is correct about the anomalies present?:
A. background ring and strong background
B. diffuse scattering, non-uniform detector and ice ring
C. artifact
D. loop scattering
IMPORTANT: Please do not give any explanation. Answer with the option's letter from the given choices directly.",A. background ring and strong background
./images/idp02082-n1_B.png,"This is a X-ray diffraction image. Which option is correct about the anomalies present?:
A. non-uniform detector, strong background and artifact
B. ice ring
C. background ring
D. loop scattering
IMPORTANT: Please do not give any explanation. Answer with the option's letter from the given choices directly.",C. background ring
./images/idp91076-7-a_2_3_1.png,"This is a X-ray diffraction image. Which option is correct about the anomalies present?:
A. strong background, non-uniform detector and ice ring
B. artifact and loop scattering
C. loop scattering
D. background ring and diffuse scattering
IMPORTANT: Please do not give any explanation. Answer with the option's letter from the given choices directly.",D. background ring and diffuse scattering
./images/102975_1_E1_001.png,"This is a X-ray diffraction image. Which option is correct about the anomalies present?:
A. strong background and artifact
B. background ring and loop scattering
C. non-uniform detector, ice ring and diffuse scattering
D. non-uniform detector, ice ring and strong background
IMPORTANT: Please do not give any explanation. Answer with the option's letter from the given choices directly.",B. background ring and loop scattering
./images/11280_4_001.png,"This is a X-ray diffraction image. Which option is correct about the anomalies present?:
A. artifact, non-uniform detector and background ring
B. no anomalies
C. diffuse scattering
D. ice ring and strong background
IMPORTANT: Please do not give any explanation. Answer with the option's letter from the given choices directly.",B. no anomalies
./images/168568_1_####.png,"This is a X-ray diffraction image. Which option is correct about the anomalies present?:
A. diffuse scattering and artifact
B. ice ring
C. non-uniform detector and background ring
D. loop scattering and strong background
IMPORTANT: Please do not give any explanation. Answer with the option's letter from the given choices directly.",D. loop scattering and strong background
./images/134085_1_E1_0001.png,"This is a X-ray diffraction image. Which option is correct about the anomalies present?:
A. ice ring
B. background ring and artifact
C. strong background and diffuse scattering
D. non-uniform detector
IMPORTANT: Please do not give any explanation. Answer with the option's letter from the given choices directly.",A. ice ring
./images/m4a5g.0001.png,"This is a X-ray diffraction image. Which option is correct about the anomalies present?:
A. background ring
B. ice ring
C. non-uniform detector and loop scattering
D. artifact
IMPORTANT: Please do not give any explanation. Answer with the option's letter from the given choices directly.",A. background ring
./images/94590_4.png,"This is a X-ray diffraction image. Which option is correct about the anomalies present?:
A. loop scattering
B. non-uniform detector
C. artifact, strong background and ice ring
D. diffuse scattering
IMPORTANT: Please do not give any explanation. Answer with the option's letter from the given choices directly.",B. non-uniform detector
./images/1c2p1_1_001.png,"This is a X-ray diffraction image. Which option is correct about the anomalies present?:
A. ice ring and non-uniform detector
B. background ring and strong background
C. loop scattering and artifact
D. diffuse scattering
IMPORTANT: Please do not give any explanation. Answer with the option's letter from the given choices directly.",C. loop scattering and artifact
./images/IDP01791_N1-new_1_0001.png,"This is a X-ray diffraction image. Which option is correct about the anomalies present?:
A. background ring and strong background
B. artifact, ice ring and diffuse scattering
C. non-uniform detector
D. loop scattering
IMPORTANT: Please do not give any explanation. Answer with the option's letter from the given choices directly.",A. background ring and strong background
./images/apc103202b.png,"This is a X-ray diffraction image. Which option is correct about the anomalies present?:
A. ice ring and loop scattering
B. strong background
C. non-uniform detector
D. background ring
IMPORTANT: Please do not give any explanation. Answer with the option's letter from the given choices directly.",A. ice ring and loop scattering
./images/E2_10_set.png,"This is a X-ray diffraction image. Which option is correct about the anomalies present?:
A. loop scattering, diffuse scattering and artifact
B. background ring
C. no anomalies
D. non-uniform detector
IMPORTANT: Please do not give any explanation. Answer with the option's letter from the given choices directly.",C. no anomalies
./images/T2972_1_E2_001.png,"This is a X-ray diffraction image. Which option is correct about the anomalies present?:
A. background ring
B. strong background, loop scattering and artifact
C. ice ring
D. diffuse scattering
IMPORTANT: Please do not give any explanation. Answer with the option's letter from the given choices directly.",C. ice ring
./images/233128a2_x0001.png,"This is a X-ray diffraction image. Which option is correct about the anomalies present?:
A. loop scattering
B. ice ring
C. artifact, diffuse scattering and non-uniform detector
D. background ring and strong background
IMPORTANT: Please do not give any explanation. Answer with the option's letter from the given choices directly.",D. background ring and strong background
./images/234284b5_y####.png,"This is a X-ray diffraction image. Which option is correct about the anomalies present?:
A. non-uniform detector and background ring
B. ice ring
C. diffuse scattering
D. loop scattering and strong background
IMPORTANT: Please do not give any explanation. Answer with the option's letter from the given choices directly.",D. loop scattering and strong background
./images/xtal1_data_00001.png,"This is a X-ray diffraction image. Which option is correct about the anomalies present?:
A. background ring and artifact
B. diffuse scattering, ice ring and non-uniform detector
C. loop scattering
D. strong background
IMPORTANT: Please do not give any explanation. Answer with the option's letter from the given choices directly.",A. background ring and artifact
./images/idp02733_3Q7I.0001.png,"This is a X-ray diffraction image. Which option is correct about the anomalies present?:
A. strong background, ice ring and non-uniform detector
B. loop scattering and artifact
C. ice ring
D. background ring and diffuse scattering
IMPORTANT: Please do not give any explanation. Answer with the option's letter from the given choices directly.",D. background ring and diffuse scattering
./images/169248_2_0001.png,"This is a X-ray diffraction image. Which option is correct about the anomalies present?:
A. artifact, background ring and diffuse scattering
B. ice ring
C. non-uniform detector
D. loop scattering and strong background
IMPORTANT: Please do not give any explanation. Answer with the option's letter from the given choices directly.",D. loop scattering and strong background
./images/idp04141a.png,"This is a X-ray diffraction image. Which option is correct about the anomalies present?:
A. background ring and loop scattering
B. strong background
C. ice ring and diffuse scattering
D. artifact and non-uniform detector
IMPORTANT: Please do not give any explanation. Answer with the option's letter from the given choices directly.",A. background ring and loop scattering
./images/IDP01334_3egj.0001.png,"This is a X-ray diffraction image. Which option is correct about the anomalies present?:
A. ice ring, artifact and diffuse scattering
B. strong background and non-uniform detector
C. background ring and loop scattering
D. non-uniform detector
IMPORTANT: Please do not give any explanation. Answer with the option's letter from the given choices directly.",C. background ring and loop scattering
./images/a2c1-peak.0001.png,"This is a X-ray diffraction image. Which option is correct about the anomalies present?:
A. background ring and strong background
B. diffuse scattering, ice ring and loop scattering
C. artifact
D. non-uniform detector
IMPORTANT: Please do not give any explanation. Answer with the option's letter from the given choices directly.",A. background ring and strong background
./images/56883_2_001.png,"This is a X-ray diffraction image. Which option is correct about the anomalies present?:
A. artifact and loop scattering
B. background ring and strong background
C. ice ring
D. diffuse scattering and non-uniform detector
IMPORTANT: Please do not give any explanation. Answer with the option's letter from the given choices directly.",B. background ring and strong background
./images/IDP01048-1_2.png,"This is a X-ray diffraction image. Which option is correct about the anomalies present?:
A. strong background and artifact
B. background ring
C. non-uniform detector, diffuse scattering and loop scattering
D. ice ring
IMPORTANT: Please do not give any explanation. Answer with the option's letter from the given choices directly.",B. background ring
./images/ifb3-8.png,"This is a X-ray diffraction image. Which option is correct about the anomalies present?:
A. ice ring
B. artifact, non-uniform detector and diffuse scattering
C. strong background
D. background ring and loop scattering
IMPORTANT: Please do not give any explanation. Answer with the option's letter from the given choices directly.",D. background ring and loop scattering
./images/91753_1_E1_001.png,"This is a X-ray diffraction image. Which option is correct about the anomalies present?:
A. diffuse scattering, loop scattering and ice ring
B. background ring
C. strong background
D. non-uniform detector and artifact
IMPORTANT: Please do not give any explanation. Answer with the option's letter from the given choices directly.",C. strong background
./images/hv1.4_3.png,"This is a X-ray diffraction image. Which option is correct about the anomalies present?:
A. strong background, diffuse scattering and non-uniform detector
B. loop scattering
C. artifact and ice ring
D. background ring
IMPORTANT: Please do not give any explanation. Answer with the option's letter from the given choices directly.",D. background ring
./images/101458_2_001.png,"This is a X-ray diffraction image. Which option is correct about the anomalies present?:
A. strong background
B. no anomalies
C. background ring and diffuse scattering
D. ice ring
IMPORTANT: Please do not give any explanation. Answer with the option's letter from the given choices directly.",B. no anomalies
./images/idp90286a.png,"This is a X-ray diffraction image. Which option is correct about the anomalies present?:
A. loop scattering
B. strong background
C. background ring
D. diffuse scattering, artifact and non-uniform detector
IMPORTANT: Please do not give any explanation. Answer with the option's letter from the given choices directly.",C. background ring
./images/126079_1_E1_001.png,"This is a X-ray diffraction image. Which option is correct about the anomalies present?:
A. ice ring and artifact
B. non-uniform detector, diffuse scattering and background ring
C. loop scattering and strong background
D. diffuse scattering and ice ring
IMPORTANT: Please do not give any explanation. Answer with the option's letter from the given choices directly.",C. loop scattering and strong background
./images/auw1_3_1_001.png,"This is a X-ray diffraction image. Which option is correct about the anomalies present?:
A. background ring
B. diffuse scattering and strong background
C. artifact and loop scattering
D. ice ring and non-uniform detector
IMPORTANT: Please do not give any explanation. Answer with the option's letter from the given choices directly.",A. background ring
./images/yum7-6.png,"This is a X-ray diffraction image. Which option is correct about the anomalies present?:
A. loop scattering
B. background ring
C. artifact
D. strong background and ice ring
IMPORTANT: Please do not give any explanation. Answer with the option's letter from the given choices directly.",B. background ring
./images/19456_3_E1_001.png,"This is a X-ray diffraction image. Which option is correct about the anomalies present?:
A. ice ring and non-uniform detector
B. strong background
C. diffuse scattering and artifact
D. background ring and loop scattering
IMPORTANT: Please do not give any explanation. Answer with the option's letter from the given choices directly.",D. background ring and loop scattering
./images/67349_2_001.png,"This is a X-ray diffraction image. Which option is correct about the anomalies present?:
A. diffuse scattering
B. artifact
C. loop scattering and strong background
D. background ring, ice ring and non-uniform detector
IMPORTANT: Please do not give any explanation. Answer with the option's letter from the given choices directly.",C. loop scattering and strong background
./images/TrpAB_BRD_soak_Cs_Ser_A1_c.0001.png,"This is a X-ray diffraction image. Which option is correct about the anomalies present?:
A. ice ring
B. loop scattering and artifact
C. diffuse scattering and strong background
D. background ring and non-uniform detector
IMPORTANT: Please do not give any explanation. Answer with the option's letter from the given choices directly.",D. background ring and non-uniform detector
./images/34336_2_001.png,"This is a X-ray diffraction image. Which option is correct about the anomalies present?:
A. loop scattering
B. diffuse scattering
C. strong background and artifact
D. non-uniform detector
IMPORTANT: Please do not give any explanation. Answer with the option's letter from the given choices directly.",D. non-uniform detector
./images/9664_1_E2_001.png,"This is a X-ray diffraction image. Which option is correct about the anomalies present?:
A. ice ring, artifact and strong background
B. non-uniform detector
C. background ring and diffuse scattering
D. loop scattering
IMPORTANT: Please do not give any explanation. Answer with the option's letter from the given choices directly.",B. non-uniform detector
./images/Anpha00316a_7_1_001.png,"This is a X-ray diffraction image. Which option is correct about the anomalies present?:
A. artifact and strong background
B. non-uniform detector and ice ring
C. background ring
D. loop scattering
IMPORTANT: Please do not give any explanation. Answer with the option's letter from the given choices directly.",C. background ring
./images/m1b3-grid-c7g-peak3.0001.png,"This is a X-ray diffraction image. Which option is correct about the anomalies present?:
A. non-uniform detector, artifact and strong background
B. ice ring, loop scattering and diffuse scattering
C. strong background and diffuse scattering
D. background ring
IMPORTANT: Please do not give any explanation. Answer with the option's letter from the given choices directly.",D. background ring
./images/jus9-5.png,"This is a X-ray diffraction image. Which option is correct about the anomalies present?:
A. background ring and loop scattering
B. non-uniform detector and artifact
C. diffuse scattering and ice ring
D. strong background
IMPORTANT: Please do not give any explanation. Answer with the option's letter from the given choices directly.",A. background ring and loop scattering
./images/T3996_1_E1_001.png,"This is a X-ray diffraction image. Which option is correct about the anomalies present?:
A. loop scattering and non-uniform detector
B. ice ring
C. diffuse scattering
D. background ring and strong background
IMPORTANT: Please do not give any explanation. Answer with the option's letter from the given choices directly.",A. loop scattering and non-uniform detector
./images/186527_1_001.png,"This is a X-ray diffraction image. Which option is correct about the anomalies present?:
A. ice ring
B. diffuse scattering, artifact and background ring
C. strong background
D. loop scattering and non-uniform detector
IMPORTANT: Please do not give any explanation. Answer with the option's letter from the given choices directly.",D. loop scattering and non-uniform detector
./images/86688_1_001.png,"This is a X-ray diffraction image. Which option is correct about the anomalies present?:
A. diffuse scattering and loop scattering
B. ice ring and strong background
C. non-uniform detector
D. background ring and artifact
IMPORTANT: Please do not give any explanation. Answer with the option's letter from the given choices directly.",B. ice ring and strong background
./images/232983h5_x####.png,"This is a X-ray diffraction image. Which option is correct about the anomalies present?:
A. ice ring and strong background
B. background ring
C. diffuse scattering and loop scattering
D. non-uniform detector and artifact
IMPORTANT: Please do not give any explanation. Answer with the option's letter from the given choices directly.",A. ice ring and strong background
./images/idp90922aa.png,"This is a X-ray diffraction image. Which option is correct about the anomalies present?:
A. ice ring
B. diffuse scattering and non-uniform detector
C. artifact
D. background ring and loop scattering
IMPORTANT: Please do not give any explanation. Answer with the option's letter from the given choices directly.",D. background ring and loop scattering
./images/HsProlMut1_Mn_GP_pH69_pk_1_0001.png,"This is a X-ray diffraction image. Which option is correct about the anomalies present?:
A. strong background and background ring
B. artifact
C. non-uniform detector, diffuse scattering and ice ring
D. loop scattering
IMPORTANT: Please do not give any explanation. Answer with the option's letter from the given choices directly.",B. artifact
./images/vsr8-15_1_001.png,"This is a X-ray diffraction image. Which option is correct about the anomalies present?:
A. artifact, ice ring and loop scattering
B. diffuse scattering
C. non-uniform detector
D. background ring and strong background
IMPORTANT: Please do not give any explanation. Answer with the option's letter from the given choices directly.",D. background ring and strong background
./images/56672_1_001.png,"This is a X-ray diffraction image. Which option is correct about the anomalies present?:
A. diffuse scattering and ice ring
B. background ring and artifact
C. non-uniform detector
D. loop scattering and strong background
IMPORTANT: Please do not give any explanation. Answer with the option's letter from the given choices directly.",D. loop scattering and strong background
./images/dom8-6.png,"This is a X-ray diffraction image. Which option is correct about the anomalies present?:
A. loop scattering, artifact and diffuse scattering
B. strong background and ice ring
C. non-uniform detector
D. background ring
IMPORTANT: Please do not give any explanation. Answer with the option's letter from the given choices directly.",D. background ring
./images/15521_2_001.png,"This is a X-ray diffraction image. Which option is correct about the anomalies present?:
A. background ring
B. strong background, artifact and diffuse scattering
C. loop scattering, ice ring and non-uniform detector
D. artifact, diffuse scattering and strong background
IMPORTANT: Please do not give any explanation. Answer with the option's letter from the given choices directly.",A. background ring
./images/55064_1_001.png,"This is a X-ray diffraction image. Which option is correct about the anomalies present?:
A. ice ring and strong background
B. non-uniform detector and artifact
C. no anomalies
D. background ring, diffuse scattering and loop scattering
IMPORTANT: Please do not give any explanation. Answer with the option's letter from the given choices directly.",C. no anomalies
./images/IDP01011_3gbx.0001.png,"This is a X-ray diffraction image. Which option is correct about the anomalies present?:
A. non-uniform detector and strong background
B. loop scattering
C. background ring
D. artifact
IMPORTANT: Please do not give any explanation. Answer with the option's letter from the given choices directly.",A. non-uniform detector and strong background
./images/10911_3_001.png,"This is a X-ray diffraction image. Which option is correct about the anomalies present?:
A. strong background
B. background ring and loop scattering
C. artifact, non-uniform detector and diffuse scattering
D. ice ring
IMPORTANT: Please do not give any explanation. Answer with the option's letter from the given choices directly.",B. background ring and loop scattering
./images/86688_2_001.png,"This is a X-ray diffraction image. Which option is correct about the anomalies present?:
A. loop scattering, background ring and artifact
B. ice ring
C. non-uniform detector, strong background and diffuse scattering
D. strong background
IMPORTANT: Please do not give any explanation. Answer with the option's letter from the given choices directly.",B. ice ring
./images/91156_1_E1_001.png,"This is a X-ray diffraction image. Which option is correct about the anomalies present?:
A. non-uniform detector, diffuse scattering and ice ring
B. background ring
C. loop scattering and strong background
D. artifact
IMPORTANT: Please do not give any explanation. Answer with the option's letter from the given choices directly.",C. loop scattering and strong background
./images/17403_1_001.png,"This is a X-ray diffraction image. Which option is correct about the anomalies present?:
A. artifact and background ring
B. loop scattering
C. diffuse scattering and ice ring
D. non-uniform detector and strong background
IMPORTANT: Please do not give any explanation. Answer with the option's letter from the given choices directly.",D. non-uniform detector and strong background
./images/57548_1_E2_001.png,"This is a X-ray diffraction image. Which option is correct about the anomalies present?:
A. diffuse scattering
B. loop scattering and strong background
C. non-uniform detector
D. ice ring
IMPORTANT: Please do not give any explanation. Answer with the option's letter from the given choices directly.",B. loop scattering and strong background
./images/idp90258f.png,"This is a X-ray diffraction image. Which option is correct about the anomalies present?:
A. loop scattering
B. artifact and non-uniform detector
C. diffuse scattering and ice ring
D. background ring
IMPORTANT: Please do not give any explanation. Answer with the option's letter from the given choices directly.",D. background ring
./images/e3_2.0001.png,"This is a X-ray diffraction image. Which option is correct about the anomalies present?:
A. non-uniform detector, artifact and ice ring
B. background ring
C. loop scattering, strong background and diffuse scattering
D. loop scattering and strong background
IMPORTANT: Please do not give any explanation. Answer with the option's letter from the given choices directly.",B. background ring
./images/A0751-183.png,"This is a X-ray diffraction image. Which option is correct about the anomalies present?:
A. background ring
B. non-uniform detector and ice ring
C. diffuse scattering
D. artifact and loop scattering
IMPORTANT: Please do not give any explanation. Answer with the option's letter from the given choices directly.",A. background ring
./images/CdPiminC3eg.0001.png,"This is a X-ray diffraction image. Which option is correct about the anomalies present?:
A. background ring and strong background
B. artifact
C. diffuse scattering
D. ice ring, non-uniform detector and loop scattering
IMPORTANT: Please do not give any explanation. Answer with the option's letter from the given choices directly.",A. background ring and strong background
./images/wwz1-8_1_001.png,"This is a X-ray diffraction image. Which option is correct about the anomalies present?:
A. artifact
B. loop scattering and diffuse scattering
C. non-uniform detector
D. background ring and strong background
IMPORTANT: Please do not give any explanation. Answer with the option's letter from the given choices directly.",D. background ring and strong background
./images/125796_1_E2_001.png,"This is a X-ray diffraction image. Which option is correct about the anomalies present?:
A. loop scattering and ice ring
B. artifact
C. non-uniform detector and diffuse scattering
D. background ring and strong background
IMPORTANT: Please do not give any explanation. Answer with the option's letter from the given choices directly.",D. background ring and strong background
./images/cjs5-7.png,"This is a X-ray diffraction image. Which option is correct about the anomalies present?:
A. loop scattering
B. non-uniform detector and ice ring
C. background ring
D. diffuse scattering
IMPORTANT: Please do not give any explanation. Answer with the option's letter from the given choices directly.",C. background ring
./images/143138_1_E1_0001.png,"This is a X-ray diffraction image. Which option is correct about the anomalies present?:
A. artifact and background ring
B. loop scattering
C. strong background, non-uniform detector and diffuse scattering
D. ice ring
IMPORTANT: Please do not give any explanation. Answer with the option's letter from the given choices directly.",B. loop scattering
./images/140863_2_0001.png,"This is a X-ray diffraction image. Which option is correct about the anomalies present?:
A. background ring and loop scattering
B. ice ring, diffuse scattering and strong background
C. artifact and non-uniform detector
D. non-uniform detector
IMPORTANT: Please do not give any explanation. Answer with the option's letter from the given choices directly.",A. background ring and loop scattering
./images/76429_1_E1_001.png,"This is a X-ray diffraction image. Which option is correct about the anomalies present?:
A. diffuse scattering, background ring and artifact
B. non-uniform detector
C. ice ring
D. loop scattering and strong background
IMPORTANT: Please do not give any explanation. Answer with the option's letter from the given choices directly.",D. loop scattering and strong background
./images/140663_1_E2_0001.png,"This is a X-ray diffraction image. Which option is correct about the anomalies present?:
A. no anomalies
B. non-uniform detector
C. strong background, diffuse scattering and loop scattering
D. artifact, ice ring and background ring
IMPORTANT: Please do not give any explanation. Answer with the option's letter from the given choices directly.",A. no anomalies
./images/mj67_d10ab.png,"This is a X-ray diffraction image. Which option is correct about the anomalies present?:
A. loop scattering and non-uniform detector
B. strong background, diffuse scattering and ice ring
C. background ring
D. artifact
IMPORTANT: Please do not give any explanation. Answer with the option's letter from the given choices directly.",C. background ring
./images/u1_01.0001.png,"This is a X-ray diffraction image. Which option is correct about the anomalies present?:
A. background ring
B. artifact, loop scattering and diffuse scattering
C. ice ring and strong background
D. non-uniform detector
IMPORTANT: Please do not give any explanation. Answer with the option's letter from the given choices directly.",C. ice ring and strong background
./images/poj-3_12_1_001.png,"This is a X-ray diffraction image. Which option is correct about the anomalies present?:
A. loop scattering
B. non-uniform detector
C. background ring
D. artifact, strong background and diffuse scattering
IMPORTANT: Please do not give any explanation. Answer with the option's letter from the given choices directly.",B. non-uniform detector
./images/22315_2_001.png,"This is a X-ray diffraction image. Which option is correct about the anomalies present?:
A. loop scattering
B. ice ring
C. diffuse scattering
D. background ring
IMPORTANT: Please do not give any explanation. Answer with the option's letter from the given choices directly.",B. ice ring
./images/36184_2_001.png,"This is a X-ray diffraction image. Which option is correct about the anomalies present?:
A. loop scattering
B. background ring
C. ice ring, artifact and diffuse scattering
D. non-uniform detector and strong background
IMPORTANT: Please do not give any explanation. Answer with the option's letter from the given choices directly.",B. background ring
./images/khc3_4_1_001.png,"This is a X-ray diffraction image. Which option is correct about the anomalies present?:
A. artifact
B. strong background, diffuse scattering and ice ring
C. background ring and non-uniform detector
D. loop scattering
IMPORTANT: Please do not give any explanation. Answer with the option's letter from the given choices directly.",A. artifact
./images/013209_A8_3_3_0001.png,"This is a X-ray diffraction image. Which option is correct about the anomalies present?:
A. background ring and diffuse scattering
B. strong background
C. artifact and ice ring
D. non-uniform detector
IMPORTANT: Please do not give any explanation. Answer with the option's letter from the given choices directly.",A. background ring and diffuse scattering
./images/20044_2_E1.png,"This is a X-ray diffraction image. Which option is correct about the anomalies present?:
A. background ring and strong background
B. non-uniform detector and diffuse scattering
C. loop scattering
D. artifact and ice ring
IMPORTANT: Please do not give any explanation. Answer with the option's letter from the given choices directly.",A. background ring and strong background
./images/IDP91778-9.png,"This is a X-ray diffraction image. Which option is correct about the anomalies present?:
A. strong background and artifact
B. diffuse scattering
C. ice ring
D. background ring and loop scattering
IMPORTANT: Please do not give any explanation. Answer with the option's letter from the given choices directly.",D. background ring and loop scattering
./images/9664_1_E1_001.png,"This is a X-ray diffraction image. Which option is correct about the anomalies present?:
A. ice ring, artifact and loop scattering
B. diffuse scattering
C. background ring and strong background
D. non-uniform detector
IMPORTANT: Please do not give any explanation. Answer with the option's letter from the given choices directly.",D. non-uniform detector
./images/202980_1_E1_00001.png,"This is a X-ray diffraction image. Which option is correct about the anomalies present?:
A. strong background
B. non-uniform detector, background ring and ice ring
C. diffuse scattering, loop scattering and artifact
D. non-uniform detector and diffuse scattering
IMPORTANT: Please do not give any explanation. Answer with the option's letter from the given choices directly.",A. strong background
./images/83548_1_E2_001.png,"This is a X-ray diffraction image. Which option is correct about the anomalies present?:
A. background ring, artifact and ice ring
B. diffuse scattering
C. loop scattering and strong background
D. non-uniform detector
IMPORTANT: Please do not give any explanation. Answer with the option's letter from the given choices directly.",C. loop scattering and strong background
./images/54314_1_E2_001.png,"This is a X-ray diffraction image. Which option is correct about the anomalies present?:
A. non-uniform detector and diffuse scattering
B. loop scattering and strong background
C. artifact and background ring
D. ice ring
IMPORTANT: Please do not give any explanation. Answer with the option's letter from the given choices directly.",B. loop scattering and strong background
./images/ny-znac-m3g6-2.0001.png,"This is a X-ray diffraction image. Which option is correct about the anomalies present?:
A. artifact
B. ice ring and strong background
C. diffuse scattering
D. background ring
IMPORTANT: Please do not give any explanation. Answer with the option's letter from the given choices directly.",D. background ring
./images/231382a1_z0001.png,"This is a X-ray diffraction image. Which option is correct about the anomalies present?:
A. ice ring
B. strong background and artifact
C. loop scattering
D. background ring, non-uniform detector and diffuse scattering
IMPORTANT: Please do not give any explanation. Answer with the option's letter from the given choices directly.",B. strong background and artifact
./images/idp90922d.png,"This is a X-ray diffraction image. Which option is correct about the anomalies present?:
A. artifact
B. loop scattering
C. ice ring
D. strong background
IMPORTANT: Please do not give any explanation. Answer with the option's letter from the given choices directly.",C. ice ring
./images/AV3_HDAC6_DAT108_screen_0001.png,"This is a X-ray diffraction image. Which option is correct about the anomalies present?:
A. loop scattering, diffuse scattering and artifact
B. non-uniform detector and strong background
C. ice ring and background ring
D. loop scattering
IMPORTANT: Please do not give any explanation. Answer with the option's letter from the given choices directly.",B. non-uniform detector and strong background
./images/93729_1_E2.png,"This is a X-ray diffraction image. Which option is correct about the anomalies present?:
A. loop scattering, strong background and diffuse scattering
B. ice ring and artifact
C. background ring and non-uniform detector
D. ice ring
IMPORTANT: Please do not give any explanation. Answer with the option's letter from the given choices directly.",C. background ring and non-uniform detector
./images/140722_1_E1_0001.png,"This is a X-ray diffraction image. Which option is correct about the anomalies present?:
A. background ring
B. artifact, strong background and non-uniform detector
C. diffuse scattering and ice ring
D. loop scattering
IMPORTANT: Please do not give any explanation. Answer with the option's letter from the given choices directly.",A. background ring
./images/89622_2_001.png,"This is a X-ray diffraction image. Which option is correct about the anomalies present?:
A. background ring, ice ring and diffuse scattering
B. non-uniform detector
C. artifact
D. loop scattering and strong background
IMPORTANT: Please do not give any explanation. Answer with the option's letter from the given choices directly.",D. loop scattering and strong background
./images/12525_4_E1_001.png,"This is a X-ray diffraction image. Which option is correct about the anomalies present?:
A. strong background, diffuse scattering and artifact
B. loop scattering, background ring and ice ring
C. artifact and strong background
D. non-uniform detector
IMPORTANT: Please do not give any explanation. Answer with the option's letter from the given choices directly.",D. non-uniform detector
./images/Prol_Mut4_Mn_GP_nat_1_00001.png,"This is a X-ray diffraction image. Which option is correct about the anomalies present?:
A. diffuse scattering and ice ring
B. loop scattering and artifact
C. strong background
D. background ring
IMPORTANT: Please do not give any explanation. Answer with the option's letter from the given choices directly.",D. background ring
./images/13055_4_001.png,"This is a X-ray diffraction image. Which option is correct about the anomalies present?:
A. strong background
B. non-uniform detector
C. loop scattering, artifact and background ring
D. diffuse scattering
IMPORTANT: Please do not give any explanation. Answer with the option's letter from the given choices directly.",B. non-uniform detector
./images/76161_1_E1_001.png,"This is a X-ray diffraction image. Which option is correct about the anomalies present?:
A. non-uniform detector and artifact
B. ice ring and diffuse scattering
C. loop scattering and strong background
D. background ring
IMPORTANT: Please do not give any explanation. Answer with the option's letter from the given choices directly.",C. loop scattering and strong background
./images/T2869_1_E1_001.png,"This is a X-ray diffraction image. Which option is correct about the anomalies present?:
A. no anomalies
B. ice ring
C. artifact, background ring and strong background
D. diffuse scattering and non-uniform detector
IMPORTANT: Please do not give any explanation. Answer with the option's letter from the given choices directly.",A. no anomalies
./images/84630_1_001.png,"This is a X-ray diffraction image. Which option is correct about the anomalies present?:
A. strong background
B. background ring and loop scattering
C. diffuse scattering and non-uniform detector
D. artifact
IMPORTANT: Please do not give any explanation. Answer with the option's letter from the given choices directly.",B. background ring and loop scattering
./images/013574_P6_9_2_0001.png,"This is a X-ray diffraction image. Which option is correct about the anomalies present?:
A. loop scattering and diffuse scattering
B. artifact
C. ice ring
D. non-uniform detector
IMPORTANT: Please do not give any explanation. Answer with the option's letter from the given choices directly.",D. non-uniform detector
./images/59519_1_E1_001.png,"This is a X-ray diffraction image. Which option is correct about the anomalies present?:
A. diffuse scattering and background ring
B. strong background
C. ice ring, artifact and loop scattering
D. non-uniform detector
IMPORTANT: Please do not give any explanation. Answer with the option's letter from the given choices directly.",D. non-uniform detector
./images/76161_1_E2_001.png,"This is a X-ray diffraction image. Which option is correct about the anomalies present?:
A. non-uniform detector
B. artifact
C. ice ring
D. loop scattering and strong background
IMPORTANT: Please do not give any explanation. Answer with the option's letter from the given choices directly.",D. loop scattering and strong background
./images/24438_3_001.png,"This is a X-ray diffraction image. Which option is correct about the anomalies present?:
A. background ring and loop scattering
B. artifact, ice ring and strong background
C. non-uniform detector
D. diffuse scattering
IMPORTANT: Please do not give any explanation. Answer with the option's letter from the given choices directly.",A. background ring and loop scattering
./images/IDP91966-3.png,"This is a X-ray diffraction image. Which option is correct about the anomalies present?:
A. non-uniform detector, artifact and ice ring
B. strong background, loop scattering and diffuse scattering
C. strong background
D. background ring
IMPORTANT: Please do not give any explanation. Answer with the option's letter from the given choices directly.",D. background ring
./images/54314_1_E1_001.png,"This is a X-ray diffraction image. Which option is correct about the anomalies present?:
A. background ring, ice ring and artifact
B. loop scattering and strong background
C. non-uniform detector and diffuse scattering
D. diffuse scattering
IMPORTANT: Please do not give any explanation. Answer with the option's letter from the given choices directly.",B. loop scattering and strong background
./images/T3695_2_E3_001.png,"This is a X-ray diffraction image. Which option is correct about the anomalies present?:
A. artifact, ice ring and diffuse scattering
B. background ring, loop scattering and non-uniform detector
C. no anomalies
D. strong background
IMPORTANT: Please do not give any explanation. Answer with the option's letter from the given choices directly.",C. no anomalies
./images/229338F10_x0001.png,"This is a X-ray diffraction image. Which option is correct about the anomalies present?:
A. ice ring and non-uniform detector
B. loop scattering
C. background ring and strong background
D. diffuse scattering
IMPORTANT: Please do not give any explanation. Answer with the option's letter from the given choices directly.",C. background ring and strong background
./images/58118_2.png,"This is a X-ray diffraction image. Which option is correct about the anomalies present?:
A. strong background and non-uniform detector
B. artifact
C. background ring and ice ring
D. diffuse scattering
IMPORTANT: Please do not give any explanation. Answer with the option's letter from the given choices directly.",D. diffuse scattering
./images/IDP91802_It-117_1_0001.png,"This is a X-ray diffraction image. Which option is correct about the anomalies present?:
A. loop scattering
B. diffuse scattering, strong background and non-uniform detector
C. background ring
D. ice ring and artifact
IMPORTANT: Please do not give any explanation. Answer with the option's letter from the given choices directly.",C. background ring
./images/UVH7-2-s.png,"This is a X-ray diffraction image. Which option is correct about the anomalies present?:
A. diffuse scattering, non-uniform detector and loop scattering
B. no anomalies
C. strong background
D. ice ring and artifact
IMPORTANT: Please do not give any explanation. Answer with the option's letter from the given choices directly.",B. no anomalies
./images/48017_1_E2_001.png,"This is a X-ray diffraction image. Which option is correct about the anomalies present?:
A. non-uniform detector and ice ring
B. diffuse scattering, strong background and artifact
C. background ring and loop scattering
D. non-uniform detector
IMPORTANT: Please do not give any explanation. Answer with the option's letter from the given choices directly.",C. background ring and loop scattering
./images/82007_5_001.png,"This is a X-ray diffraction image. Which option is correct about the anomalies present?:
A. background ring and non-uniform detector
B. ice ring, artifact and strong background
C. diffuse scattering
D. loop scattering
IMPORTANT: Please do not give any explanation. Answer with the option's letter from the given choices directly.",A. background ring and non-uniform detector
./images/idp00812c.png,"This is a X-ray diffraction image. Which option is correct about the anomalies present?:
A. strong background, ice ring and non-uniform detector
B. background ring
C. loop scattering
D. diffuse scattering and artifact
IMPORTANT: Please do not give any explanation. Answer with the option's letter from the given choices directly.",B. background ring
./images/18095_1_E1_001.png,"This is a X-ray diffraction image. Which option is correct about the anomalies present?:
A. strong background and loop scattering
B. background ring and non-uniform detector
C. diffuse scattering, ice ring and artifact
D. strong background and ice ring
IMPORTANT: Please do not give any explanation. Answer with the option's letter from the given choices directly.",B. background ring and non-uniform detector
./images/5734_C12_low.0001.png,"This is a X-ray diffraction image. Which option is correct about the anomalies present?:
A. ice ring, artifact and strong background
B. background ring and non-uniform detector
C. diffuse scattering and loop scattering
D. artifact, ice ring and strong background
IMPORTANT: Please do not give any explanation. Answer with the option's letter from the given choices directly.",B. background ring and non-uniform detector
./images/ja1_2_001.png,"This is a X-ray diffraction image. Which option is correct about the anomalies present?:
A. loop scattering and diffuse scattering
B. non-uniform detector, background ring and ice ring
C. artifact
D. strong background
IMPORTANT: Please do not give any explanation. Answer with the option's letter from the given choices directly.",D. strong background
./images/100298_2_001.png,"This is a X-ray diffraction image. Which option is correct about the anomalies present?:
A. diffuse scattering and ice ring
B. artifact
C. strong background and non-uniform detector
D. background ring and loop scattering
IMPORTANT: Please do not give any explanation. Answer with the option's letter from the given choices directly.",D. background ring and loop scattering
./images/61021_1_E2_001.png,"This is a X-ray diffraction image. Which option is correct about the anomalies present?:
A. loop scattering and diffuse scattering
B. background ring and artifact
C. non-uniform detector
D. strong background
IMPORTANT: Please do not give any explanation. Answer with the option's letter from the given choices directly.",C. non-uniform detector
./images/TUC-8_4_1_001.png,"This is a X-ray diffraction image. Which option is correct about the anomalies present?:
A. diffuse scattering, ice ring and strong background
B. background ring, loop scattering and artifact
C. non-uniform detector
D. loop scattering, artifact and strong background
IMPORTANT: Please do not give any explanation. Answer with the option's letter from the given choices directly.",C. non-uniform detector
./images/12c19p1_1_E3_001.png,"This is a X-ray diffraction image. Which option is correct about the anomalies present?:
A. artifact
B. background ring and loop scattering
C. diffuse scattering
D. ice ring and non-uniform detector
IMPORTANT: Please do not give any explanation. Answer with the option's letter from the given choices directly.",A. artifact
./images/114_M2_A4_high.0001.png,"This is a X-ray diffraction image. Which option is correct about the anomalies present?:
A. artifact, loop scattering and ice ring
B. strong background
C. diffuse scattering
D. background ring and non-uniform detector
IMPORTANT: Please do not give any explanation. Answer with the option's letter from the given choices directly.",D. background ring and non-uniform detector
./images/200362_2_00001.png,"This is a X-ray diffraction image. Which option is correct about the anomalies present?:
A. strong background and diffuse scattering
B. background ring and artifact
C. loop scattering
D. non-uniform detector
IMPORTANT: Please do not give any explanation. Answer with the option's letter from the given choices directly.",B. background ring and artifact
./images/105616_2_001.png,"This is a X-ray diffraction image. Which option is correct about the anomalies present?:
A. diffuse scattering
B. ice ring
C. non-uniform detector
D. strong background
IMPORTANT: Please do not give any explanation. Answer with the option's letter from the given choices directly.",D. strong background
./images/262775a12_y20001.png,"This is a X-ray diffraction image. Which option is correct about the anomalies present?:
A. non-uniform detector and artifact
B. ice ring
C. background ring and diffuse scattering
D. strong background and loop scattering
IMPORTANT: Please do not give any explanation. Answer with the option's letter from the given choices directly.",C. background ring and diffuse scattering
./images/sm4c12-1peak1.0001.png,"This is a X-ray diffraction image. Which option is correct about the anomalies present?:
A. strong background
B. loop scattering, diffuse scattering and ice ring
C. artifact
D. non-uniform detector
IMPORTANT: Please do not give any explanation. Answer with the option's letter from the given choices directly.",D. non-uniform detector
./images/vhm0-7.png,"This is a X-ray diffraction image. Which option is correct about the anomalies present?:
A. non-uniform detector, loop scattering and strong background
B. diffuse scattering and artifact
C. ice ring
D. background ring
IMPORTANT: Please do not give any explanation. Answer with the option's letter from the given choices directly.",D. background ring
./images/159940_1_E2_00001.png,"This is a X-ray diffraction image. Which option is correct about the anomalies present?:
A. strong background and artifact
B. no anomalies
C. ice ring and background ring
D. diffuse scattering and loop scattering
IMPORTANT: Please do not give any explanation. Answer with the option's letter from the given choices directly.",B. no anomalies
./images/75445_1_E2_001.png,"This is a X-ray diffraction image. Which option is correct about the anomalies present?:
A. ice ring and diffuse scattering
B. non-uniform detector and strong background
C. background ring
D. artifact and loop scattering
IMPORTANT: Please do not give any explanation. Answer with the option's letter from the given choices directly.",B. non-uniform detector and strong background
./images/sm4d9p2.0001.png,"This is a X-ray diffraction image. Which option is correct about the anomalies present?:
A. ice ring and loop scattering
B. background ring and non-uniform detector
C. strong background, diffuse scattering and artifact
D. artifact
IMPORTANT: Please do not give any explanation. Answer with the option's letter from the given choices directly.",B. background ring and non-uniform detector
./images/101320_2_001.png,"This is a X-ray diffraction image. Which option is correct about the anomalies present?:
A. loop scattering and strong background
B. non-uniform detector, ice ring and background ring
C. diffuse scattering
D. artifact
IMPORTANT: Please do not give any explanation. Answer with the option's letter from the given choices directly.",A. loop scattering and strong background
./images/a1g11c1-3peak.0001.png,"This is a X-ray diffraction image. Which option is correct about the anomalies present?:
A. background ring and strong background
B. ice ring, artifact and non-uniform detector
C. diffuse scattering
D. loop scattering
IMPORTANT: Please do not give any explanation. Answer with the option's letter from the given choices directly.",A. background ring and strong background
./images/imp-q21-ih5eg.0001.png,"This is a X-ray diffraction image. Which option is correct about the anomalies present?:
A. ice ring
B. non-uniform detector and diffuse scattering
C. background ring and strong background
D. artifact and loop scattering
IMPORTANT: Please do not give any explanation. Answer with the option's letter from the given choices directly.",C. background ring and strong background
./images/40499_1_E1_001.png,"This is a X-ray diffraction image. Which option is correct about the anomalies present?:
A. loop scattering and strong background
B. background ring, diffuse scattering and ice ring
C. non-uniform detector
D. artifact
IMPORTANT: Please do not give any explanation. Answer with the option's letter from the given choices directly.",A. loop scattering and strong background
./images/stm578-1_1_B.png,"This is a X-ray diffraction image. Which option is correct about the anomalies present?:
A. background ring
B. no anomalies
C. loop scattering, strong background and ice ring
D. non-uniform detector, diffuse scattering and artifact
IMPORTANT: Please do not give any explanation. Answer with the option's letter from the given choices directly.",B. no anomalies
./images/idp02710-4_A.png,"This is a X-ray diffraction image. Which option is correct about the anomalies present?:
A. background ring and loop scattering
B. artifact and diffuse scattering
C. non-uniform detector
D. ice ring
IMPORTANT: Please do not give any explanation. Answer with the option's letter from the given choices directly.",A. background ring and loop scattering
./images/18095_2_001.png,"This is a X-ray diffraction image. Which option is correct about the anomalies present?:
A. diffuse scattering and loop scattering
B. non-uniform detector
C. background ring, artifact and strong background
D. ice ring
IMPORTANT: Please do not give any explanation. Answer with the option's letter from the given choices directly.",B. non-uniform detector
./images/12c19p1_3_E3_001.png,"This is a X-ray diffraction image. Which option is correct about the anomalies present?:
A. background ring, ice ring and loop scattering
B. strong background, diffuse scattering and non-uniform detector
C. diffuse scattering and non-uniform detector
D. artifact
IMPORTANT: Please do not give any explanation. Answer with the option's letter from the given choices directly.",D. artifact
./images/2557_1_E3_001.png,"This is a X-ray diffraction image. Which option is correct about the anomalies present?:
A. ice ring, background ring and non-uniform detector
B. diffuse scattering and strong background
C. loop scattering
D. artifact
IMPORTANT: Please do not give any explanation. Answer with the option's letter from the given choices directly.",C. loop scattering
./images/153709_2_0001.png,"This is a X-ray diffraction image. Which option is correct about the anomalies present?:
A. strong background, diffuse scattering and background ring
B. ice ring
C. non-uniform detector
D. loop scattering
IMPORTANT: Please do not give any explanation. Answer with the option's letter from the given choices directly.",B. ice ring
./images/mmj4-2.png,"This is a X-ray diffraction image. Which option is correct about the anomalies present?:
A. strong background
B. non-uniform detector
C. artifact and ice ring
D. background ring and loop scattering
IMPORTANT: Please do not give any explanation. Answer with the option's letter from the given choices directly.",D. background ring and loop scattering
./images/143501_1_E1_0001.png,"This is a X-ray diffraction image. Which option is correct about the anomalies present?:
A. loop scattering and strong background
B. artifact
C. non-uniform detector
D. ice ring
IMPORTANT: Please do not give any explanation. Answer with the option's letter from the given choices directly.",A. loop scattering and strong background
./images/70568_1_E1_1000.png,"This is a X-ray diffraction image. Which option is correct about the anomalies present?:
A. loop scattering and strong background
B. diffuse scattering and artifact
C. ice ring and non-uniform detector
D. background ring
IMPORTANT: Please do not give any explanation. Answer with the option's letter from the given choices directly.",D. background ring
./images/236669b2_x0001.png,"This is a X-ray diffraction image. Which option is correct about the anomalies present?:
A. non-uniform detector, diffuse scattering and artifact
B. background ring and strong background
C. ice ring and loop scattering
D. non-uniform detector, ice ring and diffuse scattering
IMPORTANT: Please do not give any explanation. Answer with the option's letter from the given choices directly.",B. background ring and strong background
./images/66070_2.png,"This is a X-ray diffraction image. Which option is correct about the anomalies present?:
A. loop scattering and ice ring
B. background ring and artifact
C. non-uniform detector, strong background and diffuse scattering
D. loop scattering
IMPORTANT: Please do not give any explanation. Answer with the option's letter from the given choices directly.",B. background ring and artifact
./images/ayk0-1_8_0001.png,"This is a X-ray diffraction image. Which option is correct about the anomalies present?:
A. non-uniform detector
B. background ring and strong background
C. artifact
D. ice ring
IMPORTANT: Please do not give any explanation. Answer with the option's letter from the given choices directly.",B. background ring and strong background
./images/24776_5_001.png,"This is a X-ray diffraction image. Which option is correct about the anomalies present?:
A. ice ring and non-uniform detector
B. strong background and loop scattering
C. background ring
D. diffuse scattering
IMPORTANT: Please do not give any explanation. Answer with the option's letter from the given choices directly.",A. ice ring and non-uniform detector
./images/GBAA2629_Apo_cocryst_1_0001.png,"This is a X-ray diffraction image. Which option is correct about the anomalies present?:
A. ice ring, artifact and background ring
B. diffuse scattering
C. loop scattering
D. non-uniform detector and strong background
IMPORTANT: Please do not give any explanation. Answer with the option's letter from the given choices directly.",D. non-uniform detector and strong background
./images/TgOAT-c11-2_1_3_10.png,"This is a X-ray diffraction image. Which option is correct about the anomalies present?:
A. loop scattering
B. background ring
C. ice ring
D. strong background
IMPORTANT: Please do not give any explanation. Answer with the option's letter from the given choices directly.",C. ice ring
./images/10167_2_001.png,"This is a X-ray diffraction image. Which option is correct about the anomalies present?:
A. strong background
B. artifact and diffuse scattering
C. loop scattering
D. background ring and non-uniform detector
IMPORTANT: Please do not give any explanation. Answer with the option's letter from the given choices directly.",D. background ring and non-uniform detector
./images/290723a7_x_0001.png,"This is a X-ray diffraction image. Which option is correct about the anomalies present?:
A. background ring and strong background
B. artifact
C. non-uniform detector, diffuse scattering and ice ring
D. loop scattering
IMPORTANT: Please do not give any explanation. Answer with the option's letter from the given choices directly.",A. background ring and strong background
./images/XZ2_set.png,"This is a X-ray diffraction image. Which option is correct about the anomalies present?:
A. ice ring
B. strong background
C. background ring
D. diffuse scattering and artifact
IMPORTANT: Please do not give any explanation. Answer with the option's letter from the given choices directly.",C. background ring
./images/206341b1_NaI_soak_x0361.png,"This is a X-ray diffraction image. Which option is correct about the anomalies present?:
A. non-uniform detector
B. diffuse scattering
C. artifact
D. background ring and strong background
IMPORTANT: Please do not give any explanation. Answer with the option's letter from the given choices directly.",D. background ring and strong background
./images/63667_2.png,"This is a X-ray diffraction image. Which option is correct about the anomalies present?:
A. strong background, non-uniform detector and background ring
B. diffuse scattering
C. artifact
D. ice ring and loop scattering
IMPORTANT: Please do not give any explanation. Answer with the option's letter from the given choices directly.",D. ice ring and loop scattering
./images/CAA0080_NADH_data.0001.png,"This is a X-ray diffraction image. Which option is correct about the anomalies present?:
A. strong background
B. diffuse scattering, ice ring and artifact
C. background ring
D. loop scattering
IMPORTANT: Please do not give any explanation. Answer with the option's letter from the given choices directly.",C. background ring
./images/MEMMCSG4F9eg-peak.0001.png,"This is a X-ray diffraction image. Which option is correct about the anomalies present?:
A. background ring
B. non-uniform detector and artifact
C. strong background and diffuse scattering
D. ice ring and loop scattering
IMPORTANT: Please do not give any explanation. Answer with the option's letter from the given choices directly.",A. background ring
./images/89622_1_E2_001.png,"This is a X-ray diffraction image. Which option is correct about the anomalies present?:
A. loop scattering and strong background
B. background ring, artifact and ice ring
C. non-uniform detector
D. diffuse scattering
IMPORTANT: Please do not give any explanation. Answer with the option's letter from the given choices directly.",A. loop scattering and strong background
./images/T1570_1_004.png,"This is a X-ray diffraction image. Which option is correct about the anomalies present?:
A. background ring and non-uniform detector
B. ice ring, loop scattering and strong background
C. diffuse scattering
D. artifact
IMPORTANT: Please do not give any explanation. Answer with the option's letter from the given choices directly.",A. background ring and non-uniform detector
./images/57839_1.png,"This is a X-ray diffraction image. Which option is correct about the anomalies present?:
A. diffuse scattering
B. ice ring and loop scattering
C. non-uniform detector, artifact and background ring
D. strong background
IMPORTANT: Please do not give any explanation. Answer with the option's letter from the given choices directly.",B. ice ring and loop scattering
./images/IDP05262M3B3_PKa.0001.png,"This is a X-ray diffraction image. Which option is correct about the anomalies present?:
A. diffuse scattering, loop scattering and strong background
B. non-uniform detector, artifact and ice ring
C. ice ring and non-uniform detector
D. background ring
IMPORTANT: Please do not give any explanation. Answer with the option's letter from the given choices directly.",D. background ring
./images/12562_4_E3_001.png,"This is a X-ray diffraction image. Which option is correct about the anomalies present?:
A. background ring, non-uniform detector and ice ring
B. loop scattering
C. strong background
D. no anomalies
IMPORTANT: Please do not give any explanation. Answer with the option's letter from the given choices directly.",D. no anomalies
./images/IDP92768-1.png,"This is a X-ray diffraction image. Which option is correct about the anomalies present?:
A. non-uniform detector
B. background ring
C. ice ring and strong background
D. artifact and loop scattering
IMPORTANT: Please do not give any explanation. Answer with the option's letter from the given choices directly.",B. background ring
./images/IDP04072-1.png,"This is a X-ray diffraction image. Which option is correct about the anomalies present?:
A. strong background, non-uniform detector and artifact
B. loop scattering and diffuse scattering
C. background ring and ice ring
D. artifact and non-uniform detector
IMPORTANT: Please do not give any explanation. Answer with the option's letter from the given choices directly.",C. background ring and ice ring
./images/2557_1_E1_001.png,"This is a X-ray diffraction image. Which option is correct about the anomalies present?:
A. non-uniform detector, diffuse scattering and ice ring
B. background ring and artifact
C. loop scattering and strong background
D. background ring
IMPORTANT: Please do not give any explanation. Answer with the option's letter from the given choices directly.",C. loop scattering and strong background
./images/9177_1_001.png,"This is a X-ray diffraction image. Which option is correct about the anomalies present?:
A. background ring and diffuse scattering
B. artifact
C. strong background
D. non-uniform detector
IMPORTANT: Please do not give any explanation. Answer with the option's letter from the given choices directly.",A. background ring and diffuse scattering
./images/37173_1_001.png,"This is a X-ray diffraction image. Which option is correct about the anomalies present?:
A. diffuse scattering, non-uniform detector and background ring
B. ice ring and artifact
C. diffuse scattering
D. loop scattering and strong background
IMPORTANT: Please do not give any explanation. Answer with the option's letter from the given choices directly.",D. loop scattering and strong background
./images/115685_1_E1_001.png,"This is a X-ray diffraction image. Which option is correct about the anomalies present?:
A. artifact
B. loop scattering and strong background
C. background ring, non-uniform detector and diffuse scattering
D. ice ring
IMPORTANT: Please do not give any explanation. Answer with the option's letter from the given choices directly.",B. loop scattering and strong background
./images/apo-m3c4-2.0001.png,"This is a X-ray diffraction image. Which option is correct about the anomalies present?:
A. non-uniform detector
B. strong background
C. artifact, ice ring and loop scattering
D. background ring
IMPORTANT: Please do not give any explanation. Answer with the option's letter from the given choices directly.",B. strong background
./images/uij4_11_1_001.png,"This is a X-ray diffraction image. Which option is correct about the anomalies present?:
A. ice ring
B. diffuse scattering, strong background and non-uniform detector
C. background ring and loop scattering
D. artifact
IMPORTANT: Please do not give any explanation. Answer with the option's letter from the given choices directly.",C. background ring and loop scattering
./images/69423_1_E1_001.png,"This is a X-ray diffraction image. Which option is correct about the anomalies present?:
A. loop scattering and strong background
B. non-uniform detector
C. artifact
D. background ring and diffuse scattering
IMPORTANT: Please do not give any explanation. Answer with the option's letter from the given choices directly.",A. loop scattering and strong background
./images/idp01962a.png,"This is a X-ray diffraction image. Which option is correct about the anomalies present?:
A. ice ring
B. strong background and diffuse scattering
C. loop scattering and artifact
D. background ring
IMPORTANT: Please do not give any explanation. Answer with the option's letter from the given choices directly.",D. background ring
./images/15167_2_E1_001.png,"This is a X-ray diffraction image. Which option is correct about the anomalies present?:
A. loop scattering
B. no anomalies
C. non-uniform detector
D. strong background, ice ring and background ring
IMPORTANT: Please do not give any explanation. Answer with the option's letter from the given choices directly.",B. no anomalies
./images/p2_j11.0001.png,"This is a X-ray diffraction image. Which option is correct about the anomalies present?:
A. ice ring
B. background ring
C. strong background and diffuse scattering
D. artifact
IMPORTANT: Please do not give any explanation. Answer with the option's letter from the given choices directly.",B. background ring
./images/ixr1-8.png,"This is a X-ray diffraction image. Which option is correct about the anomalies present?:
A. background ring
B. loop scattering
C. ice ring
D. diffuse scattering
IMPORTANT: Please do not give any explanation. Answer with the option's letter from the given choices directly.",A. background ring
./images/156933_1_E2_0001.png,"This is a X-ray diffraction image. Which option is correct about the anomalies present?:
A. background ring
B. strong background
C. loop scattering
D. ice ring, diffuse scattering and non-uniform detector
IMPORTANT: Please do not give any explanation. Answer with the option's letter from the given choices directly.",C. loop scattering
./images/1001_M2_B7_high.0001.png,"This is a X-ray diffraction image. Which option is correct about the anomalies present?:
A. diffuse scattering and loop scattering
B. strong background
C. artifact
D. background ring
IMPORTANT: Please do not give any explanation. Answer with the option's letter from the given choices directly.",D. background ring
./images/169248_1_E2_0001.png,"This is a X-ray diffraction image. Which option is correct about the anomalies present?:
A. loop scattering and strong background
B. ice ring and artifact
C. diffuse scattering, background ring and non-uniform detector
D. diffuse scattering
IMPORTANT: Please do not give any explanation. Answer with the option's letter from the given choices directly.",A. loop scattering and strong background
./images/IDP90793E7_PKa.0001.png,"This is a X-ray diffraction image. Which option is correct about the anomalies present?:
A. ice ring, diffuse scattering and artifact
B. loop scattering and non-uniform detector
C. artifact
D. background ring and strong background
IMPORTANT: Please do not give any explanation. Answer with the option's letter from the given choices directly.",D. background ring and strong background
./images/10690_1_E3_001.png,"This is a X-ray diffraction image. Which option is correct about the anomalies present?:
A. diffuse scattering and strong background
B. non-uniform detector, ice ring and artifact
C. background ring
D. loop scattering
IMPORTANT: Please do not give any explanation. Answer with the option's letter from the given choices directly.",D. loop scattering
./images/idp04601_3RHI.0001.png,"This is a X-ray diffraction image. Which option is correct about the anomalies present?:
A. non-uniform detector, background ring and artifact
B. diffuse scattering and ice ring
C. non-uniform detector, background ring and artifact
D. loop scattering and strong background
IMPORTANT: Please do not give any explanation. Answer with the option's letter from the given choices directly.",D. loop scattering and strong background
./images/14775_2_E1_001.png,"This is a X-ray diffraction image. Which option is correct about the anomalies present?:
A. background ring
B. artifact, loop scattering and ice ring
C. diffuse scattering and strong background
D. non-uniform detector
IMPORTANT: Please do not give any explanation. Answer with the option's letter from the given choices directly.",A. background ring
./images/118866_1_E1_001.png,"This is a X-ray diffraction image. Which option is correct about the anomalies present?:
A. background ring
B. ice ring
C. diffuse scattering, non-uniform detector and loop scattering
D. strong background
IMPORTANT: Please do not give any explanation. Answer with the option's letter from the given choices directly.",D. strong background
./images/181460_1_E2_00001.png,"This is a X-ray diffraction image. Which option is correct about the anomalies present?:
A. diffuse scattering
B. loop scattering and strong background
C. ice ring and artifact
D. non-uniform detector
IMPORTANT: Please do not give any explanation. Answer with the option's letter from the given choices directly.",B. loop scattering and strong background
./images/58652_1_E1.png,"This is a X-ray diffraction image. Which option is correct about the anomalies present?:
A. artifact and diffuse scattering
B. strong background
C. non-uniform detector, background ring and ice ring
D. loop scattering
IMPORTANT: Please do not give any explanation. Answer with the option's letter from the given choices directly.",D. loop scattering
./images/241574_001.png,"This is a X-ray diffraction image. Which option is correct about the anomalies present?:
A. artifact
B. diffuse scattering and strong background
C. non-uniform detector and background ring
D. loop scattering and ice ring
IMPORTANT: Please do not give any explanation. Answer with the option's letter from the given choices directly.",B. diffuse scattering and strong background
./images/IDP02237-3b.png,"This is a X-ray diffraction image. Which option is correct about the anomalies present?:
A. background ring and diffuse scattering
B. loop scattering and non-uniform detector
C. strong background and artifact
D. ice ring
IMPORTANT: Please do not give any explanation. Answer with the option's letter from the given choices directly.",A. background ring and diffuse scattering
./images/17548_2_001.png,"This is a X-ray diffraction image. Which option is correct about the anomalies present?:
A. ice ring and loop scattering
B. strong background
C. diffuse scattering, non-uniform detector and background ring
D. artifact
IMPORTANT: Please do not give any explanation. Answer with the option's letter from the given choices directly.",A. ice ring and loop scattering
./images/Rb_Ado_1_0001.png,"This is a X-ray diffraction image. Which option is correct about the anomalies present?:
A. artifact
B. background ring
C. ice ring and loop scattering
D. non-uniform detector
IMPORTANT: Please do not give any explanation. Answer with the option's letter from the given choices directly.",B. background ring
./images/PegH10-G1P-xtal3.0001.png,"This is a X-ray diffraction image. Which option is correct about the anomalies present?:
A. non-uniform detector and ice ring
B. background ring and diffuse scattering
C. loop scattering and artifact
D. strong background
IMPORTANT: Please do not give any explanation. Answer with the option's letter from the given choices directly.",B. background ring and diffuse scattering
./images/105718_2_E1_001.png,"This is a X-ray diffraction image. Which option is correct about the anomalies present?:
A. artifact and background ring
B. ice ring and diffuse scattering
C. loop scattering and strong background
D. non-uniform detector
IMPORTANT: Please do not give any explanation. Answer with the option's letter from the given choices directly.",C. loop scattering and strong background
./images/1560-g5-peak.0001.png,"This is a X-ray diffraction image. Which option is correct about the anomalies present?:
A. loop scattering and diffuse scattering
B. artifact and strong background
C. background ring
D. ice ring and non-uniform detector
IMPORTANT: Please do not give any explanation. Answer with the option's letter from the given choices directly.",C. background ring
./images/266003f3_z####.png,"This is a X-ray diffraction image. Which option is correct about the anomalies present?:
A. strong background, ice ring and non-uniform detector
B. background ring
C. diffuse scattering, loop scattering and artifact
D. no anomalies
IMPORTANT: Please do not give any explanation. Answer with the option's letter from the given choices directly.",D. no anomalies
./images/7612_2_125.png,"This is a X-ray diffraction image. Which option is correct about the anomalies present?:
A. background ring
B. strong background and artifact
C. non-uniform detector
D. diffuse scattering and loop scattering
IMPORTANT: Please do not give any explanation. Answer with the option's letter from the given choices directly.",A. background ring
./images/140569_1_E2_0001.png,"This is a X-ray diffraction image. Which option is correct about the anomalies present?:
A. artifact and strong background
B. non-uniform detector
C. background ring and loop scattering
D. diffuse scattering and ice ring
IMPORTANT: Please do not give any explanation. Answer with the option's letter from the given choices directly.",C. background ring and loop scattering
./images/x249768.0001.png,"This is a X-ray diffraction image. Which option is correct about the anomalies present?:
A. strong background and artifact
B. diffuse scattering, ice ring and non-uniform detector
C. background ring and loop scattering
D. strong background and non-uniform detector
IMPORTANT: Please do not give any explanation. Answer with the option's letter from the given choices directly.",C. background ring and loop scattering
./images/151230_1_E1_0001.png,"This is a X-ray diffraction image. Which option is correct about the anomalies present?:
A. strong background
B. loop scattering, artifact and diffuse scattering
C. ice ring
D. background ring and non-uniform detector
IMPORTANT: Please do not give any explanation. Answer with the option's letter from the given choices directly.",D. background ring and non-uniform detector
./images/vmk5_10_1_001.png,"This is a X-ray diffraction image. Which option is correct about the anomalies present?:
A. diffuse scattering
B. loop scattering, background ring and non-uniform detector
C. no anomalies
D. artifact, strong background and ice ring
IMPORTANT: Please do not give any explanation. Answer with the option's letter from the given choices directly.",C. no anomalies
./images/169745_1_E2_001.png,"This is a X-ray diffraction image. Which option is correct about the anomalies present?:
A. loop scattering
B. ice ring
C. non-uniform detector
D. artifact
IMPORTANT: Please do not give any explanation. Answer with the option's letter from the given choices directly.",C. non-uniform detector
./images/58458_2.png,"This is a X-ray diffraction image. Which option is correct about the anomalies present?:
A. background ring and diffuse scattering
B. ice ring
C. loop scattering
D. non-uniform detector
IMPORTANT: Please do not give any explanation. Answer with the option's letter from the given choices directly.",A. background ring and diffuse scattering
./images/SA49_6_set.png,"This is a X-ray diffraction image. Which option is correct about the anomalies present?:
A. artifact, diffuse scattering and strong background
B. non-uniform detector and ice ring
C. background ring
D. loop scattering
IMPORTANT: Please do not give any explanation. Answer with the option's letter from the given choices directly.",C. background ring
./images/QSN7_8_1_001.png,"This is a X-ray diffraction image. Which option is correct about the anomalies present?:
A. loop scattering
B. artifact, diffuse scattering and non-uniform detector
C. strong background
D. background ring and ice ring
IMPORTANT: Please do not give any explanation. Answer with the option's letter from the given choices directly.",D. background ring and ice ring
./images/54314_2_001.png,"This is a X-ray diffraction image. Which option is correct about the anomalies present?:
A. diffuse scattering and artifact
B. loop scattering and strong background
C. ice ring
D. non-uniform detector and background ring
IMPORTANT: Please do not give any explanation. Answer with the option's letter from the given choices directly.",B. loop scattering and strong background
./images/187937_1_E1_001.png,"This is a X-ray diffraction image. Which option is correct about the anomalies present?:
A. background ring and non-uniform detector
B. loop scattering and artifact
C. strong background, diffuse scattering and ice ring
D. ice ring, artifact and loop scattering
IMPORTANT: Please do not give any explanation. Answer with the option's letter from the given choices directly.",A. background ring and non-uniform detector
./images/22315_1_E2_001.png,"This is a X-ray diffraction image. Which option is correct about the anomalies present?:
A. background ring and strong background
B. ice ring
C. artifact, non-uniform detector and diffuse scattering
D. loop scattering
IMPORTANT: Please do not give any explanation. Answer with the option's letter from the given choices directly.",B. ice ring
./images/111501_1_E1_001.png,"This is a X-ray diffraction image. Which option is correct about the anomalies present?:
A. diffuse scattering, ice ring and artifact
B. loop scattering and strong background
C. non-uniform detector and background ring
D. non-uniform detector and ice ring
IMPORTANT: Please do not give any explanation. Answer with the option's letter from the given choices directly.",B. loop scattering and strong background
./images/m1g11g-2.0001.png,"This is a X-ray diffraction image. Which option is correct about the anomalies present?:
A. background ring and non-uniform detector
B. ice ring, diffuse scattering and strong background
C. loop scattering and artifact
D. loop scattering, artifact and strong background
IMPORTANT: Please do not give any explanation. Answer with the option's letter from the given choices directly.",A. background ring and non-uniform detector
./images/26201_1_E1_001.png,"This is a X-ray diffraction image. Which option is correct about the anomalies present?:
A. ice ring and non-uniform detector
B. background ring, artifact and strong background
C. diffuse scattering
D. loop scattering
IMPORTANT: Please do not give any explanation. Answer with the option's letter from the given choices directly.",D. loop scattering
./images/28086_17_E1_001.png,"This is a X-ray diffraction image. Which option is correct about the anomalies present?:
A. loop scattering and strong background
B. non-uniform detector, artifact and diffuse scattering
C. ice ring
D. background ring
IMPORTANT: Please do not give any explanation. Answer with the option's letter from the given choices directly.",A. loop scattering and strong background
./images/maz6-09_12_00001.png,"This is a X-ray diffraction image. Which option is correct about the anomalies present?:
A. artifact, non-uniform detector and loop scattering
B. background ring and strong background
C. diffuse scattering and ice ring
D. artifact, ice ring and non-uniform detector
IMPORTANT: Please do not give any explanation. Answer with the option's letter from the given choices directly.",B. background ring and strong background
./images/67384_3_001.png,"This is a X-ray diffraction image. Which option is correct about the anomalies present?:
A. background ring and ice ring
B. strong background
C. loop scattering
D. diffuse scattering
IMPORTANT: Please do not give any explanation. Answer with the option's letter from the given choices directly.",C. loop scattering
./images/151192_1_E2_0001.png,"This is a X-ray diffraction image. Which option is correct about the anomalies present?:
A. diffuse scattering
B. artifact
C. ice ring, background ring and non-uniform detector
D. loop scattering and strong background
IMPORTANT: Please do not give any explanation. Answer with the option's letter from the given choices directly.",D. loop scattering and strong background
./images/48388_1_E1_001.png,"This is a X-ray diffraction image. Which option is correct about the anomalies present?:
A. diffuse scattering
B. non-uniform detector
C. loop scattering and strong background
D. ice ring and artifact
IMPORTANT: Please do not give any explanation. Answer with the option's letter from the given choices directly.",C. loop scattering and strong background
./images/DneoptPIH7eg.0001.png,"This is a X-ray diffraction image. Which option is correct about the anomalies present?:
A. background ring
B. non-uniform detector
C. strong background, diffuse scattering and loop scattering
D. artifact
IMPORTANT: Please do not give any explanation. Answer with the option's letter from the given choices directly.",A. background ring
./images/p4_1_E1_001.png,"This is a X-ray diffraction image. Which option is correct about the anomalies present?:
A. ice ring
B. background ring
C. loop scattering
D. strong background and diffuse scattering
IMPORTANT: Please do not give any explanation. Answer with the option's letter from the given choices directly.",B. background ring
./images/165284_2_0001.png,"This is a X-ray diffraction image. Which option is correct about the anomalies present?:
A. diffuse scattering, artifact and non-uniform detector
B. loop scattering
C. background ring and strong background
D. ice ring
IMPORTANT: Please do not give any explanation. Answer with the option's letter from the given choices directly.",C. background ring and strong background
./images/xtal-1-1463_H10.0001.png,"This is a X-ray diffraction image. Which option is correct about the anomalies present?:
A. background ring
B. diffuse scattering and ice ring
C. artifact and loop scattering
D. non-uniform detector
IMPORTANT: Please do not give any explanation. Answer with the option's letter from the given choices directly.",A. background ring
./images/77321_1_E2_001.png,"This is a X-ray diffraction image. Which option is correct about the anomalies present?:
A. background ring and artifact
B. diffuse scattering, ice ring and non-uniform detector
C. loop scattering and strong background
D. diffuse scattering, ice ring and artifact
IMPORTANT: Please do not give any explanation. Answer with the option's letter from the given choices directly.",C. loop scattering and strong background
./images/92036_1_E1_001.png,"This is a X-ray diffraction image. Which option is correct about the anomalies present?:
A. non-uniform detector, diffuse scattering and loop scattering
B. ice ring and artifact
C. non-uniform detector and loop scattering
D. background ring and strong background
IMPORTANT: Please do not give any explanation. Answer with the option's letter from the given choices directly.",D. background ring and strong background
./images/67368_2_001.png,"This is a X-ray diffraction image. Which option is correct about the anomalies present?:
A. loop scattering and diffuse scattering
B. non-uniform detector and ice ring
C. background ring
D. artifact and strong background
IMPORTANT: Please do not give any explanation. Answer with the option's letter from the given choices directly.",C. background ring
./images/IMPPEGsIIC9gly-peak.0001.png,"This is a X-ray diffraction image. Which option is correct about the anomalies present?:
A. strong background, artifact and non-uniform detector
B. background ring
C. ice ring
D. loop scattering
IMPORTANT: Please do not give any explanation. Answer with the option's letter from the given choices directly.",B. background ring
./images/156406_1_E1_0001.png,"This is a X-ray diffraction image. Which option is correct about the anomalies present?:
A. ice ring, diffuse scattering and non-uniform detector
B. loop scattering and strong background
C. artifact
D. background ring
IMPORTANT: Please do not give any explanation. Answer with the option's letter from the given choices directly.",B. loop scattering and strong background
./images/111979_1_E2_001.png,"This is a X-ray diffraction image. Which option is correct about the anomalies present?:
A. background ring
B. ice ring, strong background and loop scattering
C. artifact
D. non-uniform detector and diffuse scattering
IMPORTANT: Please do not give any explanation. Answer with the option's letter from the given choices directly.",A. background ring
./images/IDP02154-1.png,"This is a X-ray diffraction image. Which option is correct about the anomalies present?:
A. non-uniform detector
B. artifact and ice ring
C. strong background and loop scattering
D. background ring
IMPORTANT: Please do not give any explanation. Answer with the option's letter from the given choices directly.",D. background ring
./images/13022_3_001.png,"This is a X-ray diffraction image. Which option is correct about the anomalies present?:
A. background ring
B. non-uniform detector
C. strong background, artifact and loop scattering
D. diffuse scattering and ice ring
IMPORTANT: Please do not give any explanation. Answer with the option's letter from the given choices directly.",B. non-uniform detector
