image_name,prompt,answer
IDP91967-3b.png,"This is a 2D X-ray diffraction (XRD) image with anomalies in it. The possible anomaly options are:
Options:

Background ring, 
Ice ring, 
Artifact, 
Diffuse scattering, 
Strong background, 
Non-uniform detector, 
Loop scattering,
No distinct anomalies.

Choose the correct option. 
IMPORTANT: Please do not provide any explanation. Just the anomaly option name.",Strong background.
56319_1_E1_001.png,"This is a 2D X-ray diffraction (XRD) image with anomalies in it. The possible anomaly options are:
Options:

Background ring, 
Ice ring, 
Artifact, 
Diffuse scattering, 
Strong background, 
Non-uniform detector, 
Loop scattering,
No distinct anomalies.

Choose the correct option. 
IMPORTANT: Please do not provide any explanation. Just the anomaly option name.",Strong background.
EGA0002_11Dec13_collect_130mm_300sec_0001.png,"This is a 2D X-ray diffraction (XRD) image with anomalies in it. The possible anomaly options are:
Options:

Background ring, 
Ice ring, 
Artifact, 
Diffuse scattering, 
Strong background, 
Non-uniform detector, 
Loop scattering,
No distinct anomalies.

Choose the correct option. 
IMPORTANT: Please do not provide any explanation. Just the anomaly option name.",Strong background.
253311d1_x0001.png,"This is a 2D X-ray diffraction (XRD) image with anomalies in it. The possible anomaly options are:
Options:

Background ring, 
Ice ring, 
Artifact, 
Diffuse scattering, 
Strong background, 
Non-uniform detector, 
Loop scattering,
No distinct anomalies.

Choose the correct option. 
IMPORTANT: Please do not provide any explanation. Just the anomaly option name.",Strong background.
216661c1_x0001.png,"This is a 2D X-ray diffraction (XRD) image with anomalies in it. The possible anomaly options are:
Options:

Background ring, 
Ice ring, 
Artifact, 
Diffuse scattering, 
Strong background, 
Non-uniform detector, 
Loop scattering,
No distinct anomalies.

Choose the correct option. 
IMPORTANT: Please do not provide any explanation. Just the anomaly option name.",Strong background.
89520_1_E2_001.png,"This is a 2D X-ray diffraction (XRD) image with anomalies in it. The possible anomaly options are:
Options:

Background ring, 
Ice ring, 
Artifact, 
Diffuse scattering, 
Strong background, 
Non-uniform detector, 
Loop scattering,
No distinct anomalies.

Choose the correct option. 
IMPORTANT: Please do not provide any explanation. Just the anomaly option name.",Strong background.
q67-m3c4no.0001.png,"This is a 2D X-ray diffraction (XRD) image with anomalies in it. The possible anomaly options are:
Options:

Background ring, 
Ice ring, 
Artifact, 
Diffuse scattering, 
Strong background, 
Non-uniform detector, 
Loop scattering,
No distinct anomalies.

Choose the correct option. 
IMPORTANT: Please do not provide any explanation. Just the anomaly option name.",Strong background.
748_2_M4_B5_peak3.0001.png,"This is a 2D X-ray diffraction (XRD) image with anomalies in it. The possible anomaly options are:
Options:

Background ring, 
Ice ring, 
Artifact, 
Diffuse scattering, 
Strong background, 
Non-uniform detector, 
Loop scattering,
No distinct anomalies.

Choose the correct option. 
IMPORTANT: Please do not provide any explanation. Just the anomaly option name.",Strong background.
166946_1_E1_0001.png,"This is a 2D X-ray diffraction (XRD) image with anomalies in it. The possible anomaly options are:
Options:

Background ring, 
Ice ring, 
Artifact, 
Diffuse scattering, 
Strong background, 
Non-uniform detector, 
Loop scattering,
No distinct anomalies.

Choose the correct option. 
IMPORTANT: Please do not provide any explanation. Just the anomaly option name.",Strong background.
HDAC6-x304_1_0001.png,"This is a 2D X-ray diffraction (XRD) image with anomalies in it. The possible anomaly options are:
Options:

Background ring, 
Ice ring, 
Artifact, 
Diffuse scattering, 
Strong background, 
Non-uniform detector, 
Loop scattering,
No distinct anomalies.

Choose the correct option. 
IMPORTANT: Please do not provide any explanation. Just the anomaly option name.",Strong background.
69730_2_001.png,"This is a 2D X-ray diffraction (XRD) image with anomalies in it. The possible anomaly options are:
Options:

Background ring, 
Ice ring, 
Artifact, 
Diffuse scattering, 
Strong background, 
Non-uniform detector, 
Loop scattering,
No distinct anomalies.

Choose the correct option. 
IMPORTANT: Please do not provide any explanation. Just the anomaly option name.",Strong background.
89520_2_001.png,"This is a 2D X-ray diffraction (XRD) image with anomalies in it. The possible anomaly options are:
Options:

Background ring, 
Ice ring, 
Artifact, 
Diffuse scattering, 
Strong background, 
Non-uniform detector, 
Loop scattering,
No distinct anomalies.

Choose the correct option. 
IMPORTANT: Please do not provide any explanation. Just the anomaly option name.",Strong background.
54906_2_001.png,"This is a 2D X-ray diffraction (XRD) image with anomalies in it. The possible anomaly options are:
Options:

Background ring, 
Ice ring, 
Artifact, 
Diffuse scattering, 
Strong background, 
Non-uniform detector, 
Loop scattering,
No distinct anomalies.

Choose the correct option. 
IMPORTANT: Please do not provide any explanation. Just the anomaly option name.",Strong background.
218438h2_x0001.png,"This is a 2D X-ray diffraction (XRD) image with anomalies in it. The possible anomaly options are:
Options:

Background ring, 
Ice ring, 
Artifact, 
Diffuse scattering, 
Strong background, 
Non-uniform detector, 
Loop scattering,
No distinct anomalies.

Choose the correct option. 
IMPORTANT: Please do not provide any explanation. Just the anomaly option name.",Strong background.
253311d1_z0001.png,"This is a 2D X-ray diffraction (XRD) image with anomalies in it. The possible anomaly options are:
Options:

Background ring, 
Ice ring, 
Artifact, 
Diffuse scattering, 
Strong background, 
Non-uniform detector, 
Loop scattering,
No distinct anomalies.

Choose the correct option. 
IMPORTANT: Please do not provide any explanation. Just the anomaly option name.",Strong background.
m1h8eg.0001.png,"This is a 2D X-ray diffraction (XRD) image with anomalies in it. The possible anomaly options are:
Options:

Background ring, 
Ice ring, 
Artifact, 
Diffuse scattering, 
Strong background, 
Non-uniform detector, 
Loop scattering,
No distinct anomalies.

Choose the correct option. 
IMPORTANT: Please do not provide any explanation. Just the anomaly option name.",Strong background.
if8g2-peak.0001.png,"This is a 2D X-ray diffraction (XRD) image with anomalies in it. The possible anomaly options are:
Options:

Background ring, 
Ice ring, 
Artifact, 
Diffuse scattering, 
Strong background, 
Non-uniform detector, 
Loop scattering,
No distinct anomalies.

Choose the correct option. 
IMPORTANT: Please do not provide any explanation. Just the anomaly option name.",Strong background.
56319_1_E2_001.png,"This is a 2D X-ray diffraction (XRD) image with anomalies in it. The possible anomaly options are:
Options:

Background ring, 
Ice ring, 
Artifact, 
Diffuse scattering, 
Strong background, 
Non-uniform detector, 
Loop scattering,
No distinct anomalies.

Choose the correct option. 
IMPORTANT: Please do not provide any explanation. Just the anomaly option name.",Strong background.
CAA0017_collect_Nov1_2016_0001.png,"This is a 2D X-ray diffraction (XRD) image with anomalies in it. The possible anomaly options are:
Options:

Background ring, 
Ice ring, 
Artifact, 
Diffuse scattering, 
Strong background, 
Non-uniform detector, 
Loop scattering,
No distinct anomalies.

Choose the correct option. 
IMPORTANT: Please do not provide any explanation. Just the anomaly option name.",Strong background.
119192_3_001.png,"This is a 2D X-ray diffraction (XRD) image with anomalies in it. The possible anomaly options are:
Options:

Background ring, 
Ice ring, 
Artifact, 
Diffuse scattering, 
Strong background, 
Non-uniform detector, 
Loop scattering,
No distinct anomalies.

Choose the correct option. 
IMPORTANT: Please do not provide any explanation. Just the anomaly option name.",Strong background.
202980_1_E1_00001.png,"This is a 2D X-ray diffraction (XRD) image with anomalies in it. The possible anomaly options are:
Options:

Background ring, 
Ice ring, 
Artifact, 
Diffuse scattering, 
Strong background, 
Non-uniform detector, 
Loop scattering,
No distinct anomalies.

Choose the correct option. 
IMPORTANT: Please do not provide any explanation. Just the anomaly option name.",Strong background.
207391d3_y0001.png,"This is a 2D X-ray diffraction (XRD) image with anomalies in it. The possible anomaly options are:
Options:

Background ring, 
Ice ring, 
Artifact, 
Diffuse scattering, 
Strong background, 
Non-uniform detector, 
Loop scattering,
No distinct anomalies.

Choose the correct option. 
IMPORTANT: Please do not provide any explanation. Just the anomaly option name.",Strong background.
IDP91778-11anob.png,"This is a 2D X-ray diffraction (XRD) image with anomalies in it. The possible anomaly options are:
Options:

Background ring, 
Ice ring, 
Artifact, 
Diffuse scattering, 
Strong background, 
Non-uniform detector, 
Loop scattering,
No distinct anomalies.

Choose the correct option. 
IMPORTANT: Please do not provide any explanation. Just the anomaly option name.",Strong background.
E4-drop2-xtal1-suc.0001.png,"This is a 2D X-ray diffraction (XRD) image with anomalies in it. The possible anomaly options are:
Options:

Background ring, 
Ice ring, 
Artifact, 
Diffuse scattering, 
Strong background, 
Non-uniform detector, 
Loop scattering,
No distinct anomalies.

Choose the correct option. 
IMPORTANT: Please do not provide any explanation. Just the anomaly option name.",Strong background.
jg405chi0_0001.png,"This is a 2D X-ray diffraction (XRD) image with anomalies in it. The possible anomaly options are:
Options:

Background ring, 
Ice ring, 
Artifact, 
Diffuse scattering, 
Strong background, 
Non-uniform detector, 
Loop scattering,
No distinct anomalies.

Choose the correct option. 
IMPORTANT: Please do not provide any explanation. Just the anomaly option name.",Strong background.
39863_1_E1_001.png,"This is a 2D X-ray diffraction (XRD) image with anomalies in it. The possible anomaly options are:
Options:

Background ring, 
Ice ring, 
Artifact, 
Diffuse scattering, 
Strong background, 
Non-uniform detector, 
Loop scattering,
No distinct anomalies.

Choose the correct option. 
IMPORTANT: Please do not provide any explanation. Just the anomaly option name.",Strong background.
CAA0034_collect_Dec13_2016_0401.png,"This is a 2D X-ray diffraction (XRD) image with anomalies in it. The possible anomaly options are:
Options:

Background ring, 
Ice ring, 
Artifact, 
Diffuse scattering, 
Strong background, 
Non-uniform detector, 
Loop scattering,
No distinct anomalies.

Choose the correct option. 
IMPORTANT: Please do not provide any explanation. Just the anomaly option name.",Strong background.
idp90523_3Q12.0001.png,"This is a 2D X-ray diffraction (XRD) image with anomalies in it. The possible anomaly options are:
Options:

Background ring, 
Ice ring, 
Artifact, 
Diffuse scattering, 
Strong background, 
Non-uniform detector, 
Loop scattering,
No distinct anomalies.

Choose the correct option. 
IMPORTANT: Please do not provide any explanation. Just the anomaly option name.",Strong background.
69730_1_001.png,"This is a 2D X-ray diffraction (XRD) image with anomalies in it. The possible anomaly options are:
Options:

Background ring, 
Ice ring, 
Artifact, 
Diffuse scattering, 
Strong background, 
Non-uniform detector, 
Loop scattering,
No distinct anomalies.

Choose the correct option. 
IMPORTANT: Please do not provide any explanation. Just the anomaly option name.",Strong background.
217001d11_x0001.png,"This is a 2D X-ray diffraction (XRD) image with anomalies in it. The possible anomaly options are:
Options:

Background ring, 
Ice ring, 
Artifact, 
Diffuse scattering, 
Strong background, 
Non-uniform detector, 
Loop scattering,
No distinct anomalies.

Choose the correct option. 
IMPORTANT: Please do not provide any explanation. Just the anomaly option name.",Strong background.
175568_2_00001.png,"This is a 2D X-ray diffraction (XRD) image with anomalies in it. The possible anomaly options are:
Options:

Background ring, 
Ice ring, 
Artifact, 
Diffuse scattering, 
Strong background, 
Non-uniform detector, 
Loop scattering,
No distinct anomalies.

Choose the correct option. 
IMPORTANT: Please do not provide any explanation. Just the anomaly option name.",Strong background.
idp05511.1sm-b.png,"This is a 2D X-ray diffraction (XRD) image with anomalies in it. The possible anomaly options are:
Options:

Background ring, 
Ice ring, 
Artifact, 
Diffuse scattering, 
Strong background, 
Non-uniform detector, 
Loop scattering,
No distinct anomalies.

Choose the correct option. 
IMPORTANT: Please do not provide any explanation. Just the anomaly option name.",Strong background.
idp91135c.png,"This is a 2D X-ray diffraction (XRD) image with anomalies in it. The possible anomaly options are:
Options:

Background ring, 
Ice ring, 
Artifact, 
Diffuse scattering, 
Strong background, 
Non-uniform detector, 
Loop scattering,
No distinct anomalies.

Choose the correct option. 
IMPORTANT: Please do not provide any explanation. Just the anomaly option name.",Strong background.
17820_3.png,"This is a 2D X-ray diffraction (XRD) image with anomalies in it. The possible anomaly options are:
Options:

Background ring, 
Ice ring, 
Artifact, 
Diffuse scattering, 
Strong background, 
Non-uniform detector, 
Loop scattering,
No distinct anomalies.

Choose the correct option. 
IMPORTANT: Please do not provide any explanation. Just the anomaly option name.",Strong background.
175568_1_E1_00001.png,"This is a 2D X-ray diffraction (XRD) image with anomalies in it. The possible anomaly options are:
Options:

Background ring, 
Ice ring, 
Artifact, 
Diffuse scattering, 
Strong background, 
Non-uniform detector, 
Loop scattering,
No distinct anomalies.

Choose the correct option. 
IMPORTANT: Please do not provide any explanation. Just the anomaly option name.",Strong background.
BFPiPEGF10eg.0001.png,"This is a 2D X-ray diffraction (XRD) image with anomalies in it. The possible anomaly options are:
Options:

Background ring, 
Ice ring, 
Artifact, 
Diffuse scattering, 
Strong background, 
Non-uniform detector, 
Loop scattering,
No distinct anomalies.

Choose the correct option. 
IMPORTANT: Please do not provide any explanation. Just the anomaly option name.",Strong background.
253311d1_aa0001.png,"This is a 2D X-ray diffraction (XRD) image with anomalies in it. The possible anomaly options are:
Options:

Background ring, 
Ice ring, 
Artifact, 
Diffuse scattering, 
Strong background, 
Non-uniform detector, 
Loop scattering,
No distinct anomalies.

Choose the correct option. 
IMPORTANT: Please do not provide any explanation. Just the anomaly option name.",Strong background.
149204_1_E1_0001.png,"This is a 2D X-ray diffraction (XRD) image with anomalies in it. The possible anomaly options are:
Options:

Background ring, 
Ice ring, 
Artifact, 
Diffuse scattering, 
Strong background, 
Non-uniform detector, 
Loop scattering,
No distinct anomalies.

Choose the correct option. 
IMPORTANT: Please do not provide any explanation. Just the anomaly option name.",Strong background.
215387e7_b0001.png,"This is a 2D X-ray diffraction (XRD) image with anomalies in it. The possible anomaly options are:
Options:

Background ring, 
Ice ring, 
Artifact, 
Diffuse scattering, 
Strong background, 
Non-uniform detector, 
Loop scattering,
No distinct anomalies.

Choose the correct option. 
IMPORTANT: Please do not provide any explanation. Just the anomaly option name.",Strong background.
265800f4_x0001.png,"This is a 2D X-ray diffraction (XRD) image with anomalies in it. The possible anomaly options are:
Options:

Background ring, 
Ice ring, 
Artifact, 
Diffuse scattering, 
Strong background, 
Non-uniform detector, 
Loop scattering,
No distinct anomalies.

Choose the correct option. 
IMPORTANT: Please do not provide any explanation. Just the anomaly option name.",Strong background.
9O_17.0001.png,"This is a 2D X-ray diffraction (XRD) image with anomalies in it. The possible anomaly options are:
Options:

Background ring, 
Ice ring, 
Artifact, 
Diffuse scattering, 
Strong background, 
Non-uniform detector, 
Loop scattering,
No distinct anomalies.

Choose the correct option. 
IMPORTANT: Please do not provide any explanation. Just the anomaly option name.",Strong background.
ach0001_Tob4_3Apr12_collect_120mm_300sec_0001.png,"This is a 2D X-ray diffraction (XRD) image with anomalies in it. The possible anomaly options are:
Options:

Background ring, 
Ice ring, 
Artifact, 
Diffuse scattering, 
Strong background, 
Non-uniform detector, 
Loop scattering,
No distinct anomalies.

Choose the correct option. 
IMPORTANT: Please do not provide any explanation. Just the anomaly option name.",Strong background.
ja1_2_001.png,"This is a 2D X-ray diffraction (XRD) image with anomalies in it. The possible anomaly options are:
Options:

Background ring, 
Ice ring, 
Artifact, 
Diffuse scattering, 
Strong background, 
Non-uniform detector, 
Loop scattering,
No distinct anomalies.

Choose the correct option. 
IMPORTANT: Please do not provide any explanation. Just the anomaly option name.",Strong background.
265800f4_xx0001.png,"This is a 2D X-ray diffraction (XRD) image with anomalies in it. The possible anomaly options are:
Options:

Background ring, 
Ice ring, 
Artifact, 
Diffuse scattering, 
Strong background, 
Non-uniform detector, 
Loop scattering,
No distinct anomalies.

Choose the correct option. 
IMPORTANT: Please do not provide any explanation. Just the anomaly option name.",Strong background.
IDP1813_INF.0001.png,"This is a 2D X-ray diffraction (XRD) image with anomalies in it. The possible anomaly options are:
Options:

Background ring, 
Ice ring, 
Artifact, 
Diffuse scattering, 
Strong background, 
Non-uniform detector, 
Loop scattering,
No distinct anomalies.

Choose the correct option. 
IMPORTANT: Please do not provide any explanation. Just the anomaly option name.",Strong background.
21204_1_E1_001.png,"This is a 2D X-ray diffraction (XRD) image with anomalies in it. The possible anomaly options are:
Options:

Background ring, 
Ice ring, 
Artifact, 
Diffuse scattering, 
Strong background, 
Non-uniform detector, 
Loop scattering,
No distinct anomalies.

Choose the correct option. 
IMPORTANT: Please do not provide any explanation. Just the anomaly option name.",Strong background.
152245_1_E1_0001.png,"This is a 2D X-ray diffraction (XRD) image with anomalies in it. The possible anomaly options are:
Options:

Background ring, 
Ice ring, 
Artifact, 
Diffuse scattering, 
Strong background, 
Non-uniform detector, 
Loop scattering,
No distinct anomalies.

Choose the correct option. 
IMPORTANT: Please do not provide any explanation. Just the anomaly option name.",Strong background.
HP1716_Oct30_2014_collect_0001.png,"This is a 2D X-ray diffraction (XRD) image with anomalies in it. The possible anomaly options are:
Options:

Background ring, 
Ice ring, 
Artifact, 
Diffuse scattering, 
Strong background, 
Non-uniform detector, 
Loop scattering,
No distinct anomalies.

Choose the correct option. 
IMPORTANT: Please do not provide any explanation. Just the anomaly option name.",Strong background.
99202_1_E2_001.png,"This is a 2D X-ray diffraction (XRD) image with anomalies in it. The possible anomaly options are:
Options:

Background ring, 
Ice ring, 
Artifact, 
Diffuse scattering, 
Strong background, 
Non-uniform detector, 
Loop scattering,
No distinct anomalies.

Choose the correct option. 
IMPORTANT: Please do not provide any explanation. Just the anomaly option name.",Strong background.
p4_b6.0001.png,"This is a 2D X-ray diffraction (XRD) image with anomalies in it. The possible anomaly options are:
Options:

Background ring, 
Ice ring, 
Artifact, 
Diffuse scattering, 
Strong background, 
Non-uniform detector, 
Loop scattering,
No distinct anomalies.

Choose the correct option. 
IMPORTANT: Please do not provide any explanation. Just the anomaly option name.",Strong background.
IDP05302_crystal2_1_0001.png,"This is a 2D X-ray diffraction (XRD) image with anomalies in it. The possible anomaly options are:
Options:

Background ring, 
Ice ring, 
Artifact, 
Diffuse scattering, 
Strong background, 
Non-uniform detector, 
Loop scattering,
No distinct anomalies.

Choose the correct option. 
IMPORTANT: Please do not provide any explanation. Just the anomaly option name.",Strong background.
105616_2_001.png,"This is a 2D X-ray diffraction (XRD) image with anomalies in it. The possible anomaly options are:
Options:

Background ring, 
Ice ring, 
Artifact, 
Diffuse scattering, 
Strong background, 
Non-uniform detector, 
Loop scattering,
No distinct anomalies.

Choose the correct option. 
IMPORTANT: Please do not provide any explanation. Just the anomaly option name.",Strong background.
83219_1_181.png,"This is a 2D X-ray diffraction (XRD) image with anomalies in it. The possible anomaly options are:
Options:

Background ring, 
Ice ring, 
Artifact, 
Diffuse scattering, 
Strong background, 
Non-uniform detector, 
Loop scattering,
No distinct anomalies.

Choose the correct option. 
IMPORTANT: Please do not provide any explanation. Just the anomaly option name.",Strong background.
if12g-a.0001.png,"This is a 2D X-ray diffraction (XRD) image with anomalies in it. The possible anomaly options are:
Options:

Background ring, 
Ice ring, 
Artifact, 
Diffuse scattering, 
Strong background, 
Non-uniform detector, 
Loop scattering,
No distinct anomalies.

Choose the correct option. 
IMPORTANT: Please do not provide any explanation. Just the anomaly option name.",Strong background.
228491b8_x0001.png,"This is a 2D X-ray diffraction (XRD) image with anomalies in it. The possible anomaly options are:
Options:

Background ring, 
Ice ring, 
Artifact, 
Diffuse scattering, 
Strong background, 
Non-uniform detector, 
Loop scattering,
No distinct anomalies.

Choose the correct option. 
IMPORTANT: Please do not provide any explanation. Just the anomaly option name.",Strong background.
tlg6_11_1_001.png,"This is a 2D X-ray diffraction (XRD) image with anomalies in it. The possible anomaly options are:
Options:

Background ring, 
Ice ring, 
Artifact, 
Diffuse scattering, 
Strong background, 
Non-uniform detector, 
Loop scattering,
No distinct anomalies.

Choose the correct option. 
IMPORTANT: Please do not provide any explanation. Just the anomaly option name.",Strong background.
39863_1_E2_001.png,"This is a 2D X-ray diffraction (XRD) image with anomalies in it. The possible anomaly options are:
Options:

Background ring, 
Ice ring, 
Artifact, 
Diffuse scattering, 
Strong background, 
Non-uniform detector, 
Loop scattering,
No distinct anomalies.

Choose the correct option. 
IMPORTANT: Please do not provide any explanation. Just the anomaly option name.",Strong background.
748_2_M4_B5_peak.0001.png,"This is a 2D X-ray diffraction (XRD) image with anomalies in it. The possible anomaly options are:
Options:

Background ring, 
Ice ring, 
Artifact, 
Diffuse scattering, 
Strong background, 
Non-uniform detector, 
Loop scattering,
No distinct anomalies.

Choose the correct option. 
IMPORTANT: Please do not provide any explanation. Just the anomaly option name.",Strong background.
unq2-11_11_00001.png,"This is a 2D X-ray diffraction (XRD) image with anomalies in it. The possible anomaly options are:
Options:

Background ring, 
Ice ring, 
Artifact, 
Diffuse scattering, 
Strong background, 
Non-uniform detector, 
Loop scattering,
No distinct anomalies.

Choose the correct option. 
IMPORTANT: Please do not provide any explanation. Just the anomaly option name.",Strong background.
IDP06315_SP1631_collect_Wallberg_June10_2014_0001.png,"This is a 2D X-ray diffraction (XRD) image with anomalies in it. The possible anomaly options are:
Options:

Background ring, 
Ice ring, 
Artifact, 
Diffuse scattering, 
Strong background, 
Non-uniform detector, 
Loop scattering,
No distinct anomalies.

Choose the correct option. 
IMPORTANT: Please do not provide any explanation. Just the anomaly option name.",Strong background.
218438h2_y0001.png,"This is a 2D X-ray diffraction (XRD) image with anomalies in it. The possible anomaly options are:
Options:

Background ring, 
Ice ring, 
Artifact, 
Diffuse scattering, 
Strong background, 
Non-uniform detector, 
Loop scattering,
No distinct anomalies.

Choose the correct option. 
IMPORTANT: Please do not provide any explanation. Just the anomaly option name.",Strong background.
202980_0_E2_00001.png,"This is a 2D X-ray diffraction (XRD) image with anomalies in it. The possible anomaly options are:
Options:

Background ring, 
Ice ring, 
Artifact, 
Diffuse scattering, 
Strong background, 
Non-uniform detector, 
Loop scattering,
No distinct anomalies.

Choose the correct option. 
IMPORTANT: Please do not provide any explanation. Just the anomaly option name.",Strong background.
mnm_e_jcsg_e1_ki_ax####.png,"This is a 2D X-ray diffraction (XRD) image with anomalies in it. The possible anomaly options are:
Options:

Background ring, 
Ice ring, 
Artifact, 
Diffuse scattering, 
Strong background, 
Non-uniform detector, 
Loop scattering,
No distinct anomalies.

Choose the correct option. 
IMPORTANT: Please do not provide any explanation. Just the anomaly option name.",Strong background.
149204_2_0001.png,"This is a 2D X-ray diffraction (XRD) image with anomalies in it. The possible anomaly options are:
Options:

Background ring, 
Ice ring, 
Artifact, 
Diffuse scattering, 
Strong background, 
Non-uniform detector, 
Loop scattering,
No distinct anomalies.

Choose the correct option. 
IMPORTANT: Please do not provide any explanation. Just the anomaly option name.",Strong background.
47532_1_E2_001.png,"This is a 2D X-ray diffraction (XRD) image with anomalies in it. The possible anomaly options are:
Options:

Background ring, 
Ice ring, 
Artifact, 
Diffuse scattering, 
Strong background, 
Non-uniform detector, 
Loop scattering,
No distinct anomalies.

Choose the correct option. 
IMPORTANT: Please do not provide any explanation. Just the anomaly option name.",Strong background.
56319_2_001.png,"This is a 2D X-ray diffraction (XRD) image with anomalies in it. The possible anomaly options are:
Options:

Background ring, 
Ice ring, 
Artifact, 
Diffuse scattering, 
Strong background, 
Non-uniform detector, 
Loop scattering,
No distinct anomalies.

Choose the correct option. 
IMPORTANT: Please do not provide any explanation. Just the anomaly option name.",Strong background.
166946_2_0001.png,"This is a 2D X-ray diffraction (XRD) image with anomalies in it. The possible anomaly options are:
Options:

Background ring, 
Ice ring, 
Artifact, 
Diffuse scattering, 
Strong background, 
Non-uniform detector, 
Loop scattering,
No distinct anomalies.

Choose the correct option. 
IMPORTANT: Please do not provide any explanation. Just the anomaly option name.",Strong background.
152245_1_E2_0001.png,"This is a 2D X-ray diffraction (XRD) image with anomalies in it. The possible anomaly options are:
Options:

Background ring, 
Ice ring, 
Artifact, 
Diffuse scattering, 
Strong background, 
Non-uniform detector, 
Loop scattering,
No distinct anomalies.

Choose the correct option. 
IMPORTANT: Please do not provide any explanation. Just the anomaly option name.",Strong background.
231387e5_x0001.png,"This is a 2D X-ray diffraction (XRD) image with anomalies in it. The possible anomaly options are:
Options:

Background ring, 
Ice ring, 
Artifact, 
Diffuse scattering, 
Strong background, 
Non-uniform detector, 
Loop scattering,
No distinct anomalies.

Choose the correct option. 
IMPORTANT: Please do not provide any explanation. Just the anomaly option name.",Strong background.
apo-m3c4.0001.png,"This is a 2D X-ray diffraction (XRD) image with anomalies in it. The possible anomaly options are:
Options:

Background ring, 
Ice ring, 
Artifact, 
Diffuse scattering, 
Strong background, 
Non-uniform detector, 
Loop scattering,
No distinct anomalies.

Choose the correct option. 
IMPORTANT: Please do not provide any explanation. Just the anomaly option name.",Strong background.
PSA0006_26July14_collect_0001.png,"This is a 2D X-ray diffraction (XRD) image with anomalies in it. The possible anomaly options are:
Options:

Background ring, 
Ice ring, 
Artifact, 
Diffuse scattering, 
Strong background, 
Non-uniform detector, 
Loop scattering,
No distinct anomalies.

Choose the correct option. 
IMPORTANT: Please do not provide any explanation. Just the anomaly option name.",Strong background.
337_SubTrpf_misl_M2_A5_high.0001.png,"This is a 2D X-ray diffraction (XRD) image with anomalies in it. The possible anomaly options are:
Options:

Background ring, 
Ice ring, 
Artifact, 
Diffuse scattering, 
Strong background, 
Non-uniform detector, 
Loop scattering,
No distinct anomalies.

Choose the correct option. 
IMPORTANT: Please do not provide any explanation. Just the anomaly option name.",Strong background.
idp90567_3R2E.0001.png,"This is a 2D X-ray diffraction (XRD) image with anomalies in it. The possible anomaly options are:
Options:

Background ring, 
Ice ring, 
Artifact, 
Diffuse scattering, 
Strong background, 
Non-uniform detector, 
Loop scattering,
No distinct anomalies.

Choose the correct option. 
IMPORTANT: Please do not provide any explanation. Just the anomaly option name.",Strong background.
IDP02573_crystal2_1_0001.png,"This is a 2D X-ray diffraction (XRD) image with anomalies in it. The possible anomaly options are:
Options:

Background ring, 
Ice ring, 
Artifact, 
Diffuse scattering, 
Strong background, 
Non-uniform detector, 
Loop scattering,
No distinct anomalies.

Choose the correct option. 
IMPORTANT: Please do not provide any explanation. Just the anomaly option name.",Strong background.
13Feb15_n1_collect_0001.png,"This is a 2D X-ray diffraction (XRD) image with anomalies in it. The possible anomaly options are:
Options:

Background ring, 
Ice ring, 
Artifact, 
Diffuse scattering, 
Strong background, 
Non-uniform detector, 
Loop scattering,
No distinct anomalies.

Choose the correct option. 
IMPORTANT: Please do not provide any explanation. Just the anomaly option name.",Strong background.
39863_3_001.png,"This is a 2D X-ray diffraction (XRD) image with anomalies in it. The possible anomaly options are:
Options:

Background ring, 
Ice ring, 
Artifact, 
Diffuse scattering, 
Strong background, 
Non-uniform detector, 
Loop scattering,
No distinct anomalies.

Choose the correct option. 
IMPORTANT: Please do not provide any explanation. Just the anomaly option name.",Strong background.
231359h7_x0001.png,"This is a 2D X-ray diffraction (XRD) image with anomalies in it. The possible anomaly options are:
Options:

Background ring, 
Ice ring, 
Artifact, 
Diffuse scattering, 
Strong background, 
Non-uniform detector, 
Loop scattering,
No distinct anomalies.

Choose the correct option. 
IMPORTANT: Please do not provide any explanation. Just the anomaly option name.",Strong background.
88089_1_E2_001.png,"This is a 2D X-ray diffraction (XRD) image with anomalies in it. The possible anomaly options are:
Options:

Background ring, 
Ice ring, 
Artifact, 
Diffuse scattering, 
Strong background, 
Non-uniform detector, 
Loop scattering,
No distinct anomalies.

Choose the correct option. 
IMPORTANT: Please do not provide any explanation. Just the anomaly option name.",Strong background.
257610c10_x0001.png,"This is a 2D X-ray diffraction (XRD) image with anomalies in it. The possible anomaly options are:
Options:

Background ring, 
Ice ring, 
Artifact, 
Diffuse scattering, 
Strong background, 
Non-uniform detector, 
Loop scattering,
No distinct anomalies.

Choose the correct option. 
IMPORTANT: Please do not provide any explanation. Just the anomaly option name.",Strong background.
wvx2-2_1_001.png,"This is a 2D X-ray diffraction (XRD) image with anomalies in it. The possible anomaly options are:
Options:

Background ring, 
Ice ring, 
Artifact, 
Diffuse scattering, 
Strong background, 
Non-uniform detector, 
Loop scattering,
No distinct anomalies.

Choose the correct option. 
IMPORTANT: Please do not provide any explanation. Just the anomaly option name.",Strong background.
SAHM4F4eg.0001.png,"This is a 2D X-ray diffraction (XRD) image with anomalies in it. The possible anomaly options are:
Options:

Background ring, 
Ice ring, 
Artifact, 
Diffuse scattering, 
Strong background, 
Non-uniform detector, 
Loop scattering,
No distinct anomalies.

Choose the correct option. 
IMPORTANT: Please do not provide any explanation. Just the anomaly option name.",Strong background.
idp92047c.png,"This is a 2D X-ray diffraction (XRD) image with anomalies in it. The possible anomaly options are:
Options:

Background ring, 
Ice ring, 
Artifact, 
Diffuse scattering, 
Strong background, 
Non-uniform detector, 
Loop scattering,
No distinct anomalies.

Choose the correct option. 
IMPORTANT: Please do not provide any explanation. Just the anomaly option name.",Strong background.
XV1_EF100001.png,"This is a 2D X-ray diffraction (XRD) image with anomalies in it. The possible anomaly options are:
Options:

Background ring, 
Ice ring, 
Artifact, 
Diffuse scattering, 
Strong background, 
Non-uniform detector, 
Loop scattering,
No distinct anomalies.

Choose the correct option. 
IMPORTANT: Please do not provide any explanation. Just the anomaly option name.",Strong background.
idp00581_3RDW.0001.png,"This is a 2D X-ray diffraction (XRD) image with anomalies in it. The possible anomaly options are:
Options:

Background ring, 
Ice ring, 
Artifact, 
Diffuse scattering, 
Strong background, 
Non-uniform detector, 
Loop scattering,
No distinct anomalies.

Choose the correct option. 
IMPORTANT: Please do not provide any explanation. Just the anomaly option name.",Strong background.
image_x0001.png,"This is a 2D X-ray diffraction (XRD) image with anomalies in it. The possible anomaly options are:
Options:

Background ring, 
Ice ring, 
Artifact, 
Diffuse scattering, 
Strong background, 
Non-uniform detector, 
Loop scattering,
No distinct anomalies.

Choose the correct option. 
IMPORTANT: Please do not provide any explanation. Just the anomaly option name.",Strong background.
CAA0003_18Nov16_n5_collect_0001.png,"This is a 2D X-ray diffraction (XRD) image with anomalies in it. The possible anomaly options are:
Options:

Background ring, 
Ice ring, 
Artifact, 
Diffuse scattering, 
Strong background, 
Non-uniform detector, 
Loop scattering,
No distinct anomalies.

Choose the correct option. 
IMPORTANT: Please do not provide any explanation. Just the anomaly option name.",Strong background.
if9e-peak.0001.png,"This is a 2D X-ray diffraction (XRD) image with anomalies in it. The possible anomaly options are:
Options:

Background ring, 
Ice ring, 
Artifact, 
Diffuse scattering, 
Strong background, 
Non-uniform detector, 
Loop scattering,
No distinct anomalies.

Choose the correct option. 
IMPORTANT: Please do not provide any explanation. Just the anomaly option name.",Strong background.
54906_1_E1_001.png,"This is a 2D X-ray diffraction (XRD) image with anomalies in it. The possible anomaly options are:
Options:

Background ring, 
Ice ring, 
Artifact, 
Diffuse scattering, 
Strong background, 
Non-uniform detector, 
Loop scattering,
No distinct anomalies.

Choose the correct option. 
IMPORTANT: Please do not provide any explanation. Just the anomaly option name.",Strong background.
657_M1_G12_2_peak.0001.png,"This is a 2D X-ray diffraction (XRD) image with anomalies in it. The possible anomaly options are:
Options:

Background ring, 
Ice ring, 
Artifact, 
Diffuse scattering, 
Strong background, 
Non-uniform detector, 
Loop scattering,
No distinct anomalies.

Choose the correct option. 
IMPORTANT: Please do not provide any explanation. Just the anomaly option name.",Strong background.
82888_2_001.png,"This is a 2D X-ray diffraction (XRD) image with anomalies in it. The possible anomaly options are:
Options:

Background ring, 
Ice ring, 
Artifact, 
Diffuse scattering, 
Strong background, 
Non-uniform detector, 
Loop scattering,
No distinct anomalies.

Choose the correct option. 
IMPORTANT: Please do not provide any explanation. Just the anomaly option name.",Strong background.
166913_1_E2_0001.png,"This is a 2D X-ray diffraction (XRD) image with anomalies in it. The possible anomaly options are:
Options:

Background ring, 
Ice ring, 
Artifact, 
Diffuse scattering, 
Strong background, 
Non-uniform detector, 
Loop scattering,
No distinct anomalies.

Choose the correct option. 
IMPORTANT: Please do not provide any explanation. Just the anomaly option name.",Strong background.
apo-m3c4-2.0001.png,"This is a 2D X-ray diffraction (XRD) image with anomalies in it. The possible anomaly options are:
Options:

Background ring, 
Ice ring, 
Artifact, 
Diffuse scattering, 
Strong background, 
Non-uniform detector, 
Loop scattering,
No distinct anomalies.

Choose the correct option. 
IMPORTANT: Please do not provide any explanation. Just the anomaly option name.",Strong background.
ser4_5_1_1.png,"This is a 2D X-ray diffraction (XRD) image with anomalies in it. The possible anomaly options are:
Options:

Background ring, 
Ice ring, 
Artifact, 
Diffuse scattering, 
Strong background, 
Non-uniform detector, 
Loop scattering,
No distinct anomalies.

Choose the correct option. 
IMPORTANT: Please do not provide any explanation. Just the anomaly option name.",Strong background.
218398g5_x0001.png,"This is a 2D X-ray diffraction (XRD) image with anomalies in it. The possible anomaly options are:
Options:

Background ring, 
Ice ring, 
Artifact, 
Diffuse scattering, 
Strong background, 
Non-uniform detector, 
Loop scattering,
No distinct anomalies.

Choose the correct option. 
IMPORTANT: Please do not provide any explanation. Just the anomaly option name.",Strong background.
205634a10_ay0001.png,"This is a 2D X-ray diffraction (XRD) image with anomalies in it. The possible anomaly options are:
Options:

Background ring, 
Ice ring, 
Artifact, 
Diffuse scattering, 
Strong background, 
Non-uniform detector, 
Loop scattering,
No distinct anomalies.

Choose the correct option. 
IMPORTANT: Please do not provide any explanation. Just the anomaly option name.",Strong background.
KstRcocr1_1_17Sep13_90mm_300sec_collect_0001.png,"This is a 2D X-ray diffraction (XRD) image with anomalies in it. The possible anomaly options are:
Options:

Background ring, 
Ice ring, 
Artifact, 
Diffuse scattering, 
Strong background, 
Non-uniform detector, 
Loop scattering,
No distinct anomalies.

Choose the correct option. 
IMPORTANT: Please do not provide any explanation. Just the anomaly option name.",Strong background.
119192_1_E2_001.png,"This is a 2D X-ray diffraction (XRD) image with anomalies in it. The possible anomaly options are:
Options:

Background ring, 
Ice ring, 
Artifact, 
Diffuse scattering, 
Strong background, 
Non-uniform detector, 
Loop scattering,
No distinct anomalies.

Choose the correct option. 
IMPORTANT: Please do not provide any explanation. Just the anomaly option name.",Strong background.
ejy2-5_1_001.png,"This is a 2D X-ray diffraction (XRD) image with anomalies in it. The possible anomaly options are:
Options:

Background ring, 
Ice ring, 
Artifact, 
Diffuse scattering, 
Strong background, 
Non-uniform detector, 
Loop scattering,
No distinct anomalies.

Choose the correct option. 
IMPORTANT: Please do not provide any explanation. Just the anomaly option name.",Strong background.
2205_apo_M1_F1_data.0001.png,"This is a 2D X-ray diffraction (XRD) image with anomalies in it. The possible anomaly options are:
Options:

Background ring, 
Ice ring, 
Artifact, 
Diffuse scattering, 
Strong background, 
Non-uniform detector, 
Loop scattering,
No distinct anomalies.

Choose the correct option. 
IMPORTANT: Please do not provide any explanation. Just the anomaly option name.",Strong background.
56183_1_E1_001.png,"This is a 2D X-ray diffraction (XRD) image with anomalies in it. The possible anomaly options are:
Options:

Background ring, 
Ice ring, 
Artifact, 
Diffuse scattering, 
Strong background, 
Non-uniform detector, 
Loop scattering,
No distinct anomalies.

Choose the correct option. 
IMPORTANT: Please do not provide any explanation. Just the anomaly option name.",Strong background.
148396_2_0001.png,"This is a 2D X-ray diffraction (XRD) image with anomalies in it. The possible anomaly options are:
Options:

Background ring, 
Ice ring, 
Artifact, 
Diffuse scattering, 
Strong background, 
Non-uniform detector, 
Loop scattering,
No distinct anomalies.

Choose the correct option. 
IMPORTANT: Please do not provide any explanation. Just the anomaly option name.",Strong background.
140863_3_0001.png,"This is a 2D X-ray diffraction (XRD) image with anomalies in it. The possible anomaly options are:
Options:

Background ring, 
Ice ring, 
Artifact, 
Diffuse scattering, 
Strong background, 
Non-uniform detector, 
Loop scattering,
No distinct anomalies.

Choose the correct option. 
IMPORTANT: Please do not provide any explanation. Just the anomaly option name.",Strong background.
201544f9_0001.png,"This is a 2D X-ray diffraction (XRD) image with anomalies in it. The possible anomaly options are:
Options:

Background ring, 
Ice ring, 
Artifact, 
Diffuse scattering, 
Strong background, 
Non-uniform detector, 
Loop scattering,
No distinct anomalies.

Choose the correct option. 
IMPORTANT: Please do not provide any explanation. Just the anomaly option name.",Strong background.
166913_1_E1_0001.png,"This is a 2D X-ray diffraction (XRD) image with anomalies in it. The possible anomaly options are:
Options:

Background ring, 
Ice ring, 
Artifact, 
Diffuse scattering, 
Strong background, 
Non-uniform detector, 
Loop scattering,
No distinct anomalies.

Choose the correct option. 
IMPORTANT: Please do not provide any explanation. Just the anomaly option name.",Strong background.
99202_2_001.png,"This is a 2D X-ray diffraction (XRD) image with anomalies in it. The possible anomaly options are:
Options:

Background ring, 
Ice ring, 
Artifact, 
Diffuse scattering, 
Strong background, 
Non-uniform detector, 
Loop scattering,
No distinct anomalies.

Choose the correct option. 
IMPORTANT: Please do not provide any explanation. Just the anomaly option name.",Strong background.
217343a5_x####.png,"This is a 2D X-ray diffraction (XRD) image with anomalies in it. The possible anomaly options are:
Options:

Background ring, 
Ice ring, 
Artifact, 
Diffuse scattering, 
Strong background, 
Non-uniform detector, 
Loop scattering,
No distinct anomalies.

Choose the correct option. 
IMPORTANT: Please do not provide any explanation. Just the anomaly option name.",Strong background.
33900_1_001.png,"This is a 2D X-ray diffraction (XRD) image with anomalies in it. The possible anomaly options are:
Options:

Background ring, 
Ice ring, 
Artifact, 
Diffuse scattering, 
Strong background, 
Non-uniform detector, 
Loop scattering,
No distinct anomalies.

Choose the correct option. 
IMPORTANT: Please do not provide any explanation. Just the anomaly option name.",Strong background.
151434_1_E1_0001.png,"This is a 2D X-ray diffraction (XRD) image with anomalies in it. The possible anomaly options are:
Options:

Background ring, 
Ice ring, 
Artifact, 
Diffuse scattering, 
Strong background, 
Non-uniform detector, 
Loop scattering,
No distinct anomalies.

Choose the correct option. 
IMPORTANT: Please do not provide any explanation. Just the anomaly option name.",Strong background.
253954a9_x0001.png,"This is a 2D X-ray diffraction (XRD) image with anomalies in it. The possible anomaly options are:
Options:

Background ring, 
Ice ring, 
Artifact, 
Diffuse scattering, 
Strong background, 
Non-uniform detector, 
Loop scattering,
No distinct anomalies.

Choose the correct option. 
IMPORTANT: Please do not provide any explanation. Just the anomaly option name.",Strong background.
IDP91778-11ano.png,"This is a 2D X-ray diffraction (XRD) image with anomalies in it. The possible anomaly options are:
Options:

Background ring, 
Ice ring, 
Artifact, 
Diffuse scattering, 
Strong background, 
Non-uniform detector, 
Loop scattering,
No distinct anomalies.

Choose the correct option. 
IMPORTANT: Please do not provide any explanation. Just the anomaly option name.",Strong background.
118866_1_E1_001.png,"This is a 2D X-ray diffraction (XRD) image with anomalies in it. The possible anomaly options are:
Options:

Background ring, 
Ice ring, 
Artifact, 
Diffuse scattering, 
Strong background, 
Non-uniform detector, 
Loop scattering,
No distinct anomalies.

Choose the correct option. 
IMPORTANT: Please do not provide any explanation. Just the anomaly option name.",Strong background.
54906_1_E2_001.png,"This is a 2D X-ray diffraction (XRD) image with anomalies in it. The possible anomaly options are:
Options:

Background ring, 
Ice ring, 
Artifact, 
Diffuse scattering, 
Strong background, 
Non-uniform detector, 
Loop scattering,
No distinct anomalies.

Choose the correct option. 
IMPORTANT: Please do not provide any explanation. Just the anomaly option name.",Strong background.
166946_1_E2_0001.png,"This is a 2D X-ray diffraction (XRD) image with anomalies in it. The possible anomaly options are:
Options:

Background ring, 
Ice ring, 
Artifact, 
Diffuse scattering, 
Strong background, 
Non-uniform detector, 
Loop scattering,
No distinct anomalies.

Choose the correct option. 
IMPORTANT: Please do not provide any explanation. Just the anomaly option name.",Strong background.
IDP05673_4GL0.0001.png,"This is a 2D X-ray diffraction (XRD) image with anomalies in it. The possible anomaly options are:
Options:

Background ring, 
Ice ring, 
Artifact, 
Diffuse scattering, 
Strong background, 
Non-uniform detector, 
Loop scattering,
No distinct anomalies.

Choose the correct option. 
IMPORTANT: Please do not provide any explanation. Just the anomaly option name.",Strong background.
56183_1_E2_001.png,"This is a 2D X-ray diffraction (XRD) image with anomalies in it. The possible anomaly options are:
Options:

Background ring, 
Ice ring, 
Artifact, 
Diffuse scattering, 
Strong background, 
Non-uniform detector, 
Loop scattering,
No distinct anomalies.

Choose the correct option. 
IMPORTANT: Please do not provide any explanation. Just the anomaly option name.",Strong background.
ANT_7HTmethyl_xtal1_1_0001.png,"This is a 2D X-ray diffraction (XRD) image with anomalies in it. The possible anomaly options are:
Options:

Background ring, 
Ice ring, 
Artifact, 
Diffuse scattering, 
Strong background, 
Non-uniform detector, 
Loop scattering,
No distinct anomalies.

Choose the correct option. 
IMPORTANT: Please do not provide any explanation. Just the anomaly option name.",Strong background.
149204_1_E2_0001.png,"This is a 2D X-ray diffraction (XRD) image with anomalies in it. The possible anomaly options are:
Options:

Background ring, 
Ice ring, 
Artifact, 
Diffuse scattering, 
Strong background, 
Non-uniform detector, 
Loop scattering,
No distinct anomalies.

Choose the correct option. 
IMPORTANT: Please do not provide any explanation. Just the anomaly option name.",Strong background.
c1a-peak.0001.png,"This is a 2D X-ray diffraction (XRD) image with anomalies in it. The possible anomaly options are:
Options:

Background ring, 
Ice ring, 
Artifact, 
Diffuse scattering, 
Strong background, 
Non-uniform detector, 
Loop scattering,
No distinct anomalies.

Choose the correct option. 
IMPORTANT: Please do not provide any explanation. Just the anomaly option name.",Strong background.
IDP02573_H-25-5_1_0001.png,"This is a 2D X-ray diffraction (XRD) image with anomalies in it. The possible anomaly options are:
Options:

Background ring, 
Ice ring, 
Artifact, 
Diffuse scattering, 
Strong background, 
Non-uniform detector, 
Loop scattering,
No distinct anomalies.

Choose the correct option. 
IMPORTANT: Please do not provide any explanation. Just the anomaly option name.",Strong background.
33900_2_001.png,"This is a 2D X-ray diffraction (XRD) image with anomalies in it. The possible anomaly options are:
Options:

Background ring, 
Ice ring, 
Artifact, 
Diffuse scattering, 
Strong background, 
Non-uniform detector, 
Loop scattering,
No distinct anomalies.

Choose the correct option. 
IMPORTANT: Please do not provide any explanation. Just the anomaly option name.",Strong background.
216420a8_x0001.png,"This is a 2D X-ray diffraction (XRD) image with anomalies in it. The possible anomaly options are:
Options:

Background ring, 
Ice ring, 
Artifact, 
Diffuse scattering, 
Strong background, 
Non-uniform detector, 
Loop scattering,
No distinct anomalies.

Choose the correct option. 
IMPORTANT: Please do not provide any explanation. Just the anomaly option name.",Strong background.
mnm_e_jcsg_e1_ki_ax0801.png,"This is a 2D X-ray diffraction (XRD) image with anomalies in it. The possible anomaly options are:
Options:

Background ring, 
Ice ring, 
Artifact, 
Diffuse scattering, 
Strong background, 
Non-uniform detector, 
Loop scattering,
No distinct anomalies.

Choose the correct option. 
IMPORTANT: Please do not provide any explanation. Just the anomaly option name.",Strong background.
IDP01439_H-E-2_19-id_1_0001.png,"This is a 2D X-ray diffraction (XRD) image with anomalies in it. The possible anomaly options are:
Options:

Background ring, 
Ice ring, 
Artifact, 
Diffuse scattering, 
Strong background, 
Non-uniform detector, 
Loop scattering,
No distinct anomalies.

Choose the correct option. 
IMPORTANT: Please do not provide any explanation. Just the anomaly option name.",Strong background.
IDP2103B_PKa.0001.png,"This is a 2D X-ray diffraction (XRD) image with anomalies in it. The possible anomaly options are:
Options:

Background ring, 
Ice ring, 
Artifact, 
Diffuse scattering, 
Strong background, 
Non-uniform detector, 
Loop scattering,
No distinct anomalies.

Choose the correct option. 
IMPORTANT: Please do not provide any explanation. Just the anomaly option name.",Strong background.
201544f12_amppnp_bb_0001.png,"This is a 2D X-ray diffraction (XRD) image with anomalies in it. The possible anomaly options are:
Options:

Background ring, 
Ice ring, 
Artifact, 
Diffuse scattering, 
Strong background, 
Non-uniform detector, 
Loop scattering,
No distinct anomalies.

Choose the correct option. 
IMPORTANT: Please do not provide any explanation. Just the anomaly option name.",Strong background.
202787f10_a0001.png,"This is a 2D X-ray diffraction (XRD) image with anomalies in it. The possible anomaly options are:
Options:

Background ring, 
Ice ring, 
Artifact, 
Diffuse scattering, 
Strong background, 
Non-uniform detector, 
Loop scattering,
No distinct anomalies.

Choose the correct option. 
IMPORTANT: Please do not provide any explanation. Just the anomaly option name.",Strong background.
hhr2pk_001.png,"This is a 2D X-ray diffraction (XRD) image with anomalies in it. The possible anomaly options are:
Options:

Background ring, 
Ice ring, 
Artifact, 
Diffuse scattering, 
Strong background, 
Non-uniform detector, 
Loop scattering,
No distinct anomalies.

Choose the correct option. 
IMPORTANT: Please do not provide any explanation. Just the anomaly option name.",Strong background.
a1e10no-peak.0001.png,"This is a 2D X-ray diffraction (XRD) image with anomalies in it. The possible anomaly options are:
Options:

Background ring, 
Ice ring, 
Artifact, 
Diffuse scattering, 
Strong background, 
Non-uniform detector, 
Loop scattering,
No distinct anomalies.

Choose the correct option. 
IMPORTANT: Please do not provide any explanation. Just the anomaly option name.",Strong background.
dcb16-16_3_001.png,"This is a 2D X-ray diffraction (XRD) image with anomalies in it. The possible anomaly options are:
Options:

Background ring, 
Ice ring, 
Artifact, 
Diffuse scattering, 
Strong background, 
Non-uniform detector, 
Loop scattering,
No distinct anomalies.

Choose the correct option. 
IMPORTANT: Please do not provide any explanation. Just the anomaly option name.",Strong background.
p6_c2.0001.png,"This is a 2D X-ray diffraction (XRD) image with anomalies in it. The possible anomaly options are:
Options:

Background ring, 
Ice ring, 
Artifact, 
Diffuse scattering, 
Strong background, 
Non-uniform detector, 
Loop scattering,
No distinct anomalies.

Choose the correct option. 
IMPORTANT: Please do not provide any explanation. Just the anomaly option name.",Strong background.
67349_1_E1_001.png,"This is a 2D X-ray diffraction (XRD) image with anomalies in it. The possible anomaly options are:
Options:

Background ring, 
Ice ring, 
Artifact, 
Diffuse scattering, 
Strong background, 
Non-uniform detector, 
Loop scattering,
No distinct anomalies.

Choose the correct option. 
IMPORTANT: Please do not provide any explanation. Just the anomaly option name.",Strong background.
82888_1_E1_001.png,"This is a 2D X-ray diffraction (XRD) image with anomalies in it. The possible anomaly options are:
Options:

Background ring, 
Ice ring, 
Artifact, 
Diffuse scattering, 
Strong background, 
Non-uniform detector, 
Loop scattering,
No distinct anomalies.

Choose the correct option. 
IMPORTANT: Please do not provide any explanation. Just the anomaly option name.",Strong background.
119192_2_E1_001.png,"This is a 2D X-ray diffraction (XRD) image with anomalies in it. The possible anomaly options are:
Options:

Background ring, 
Ice ring, 
Artifact, 
Diffuse scattering, 
Strong background, 
Non-uniform detector, 
Loop scattering,
No distinct anomalies.

Choose the correct option. 
IMPORTANT: Please do not provide any explanation. Just the anomaly option name.",Strong background.
nsa3_16_1_001.png,"This is a 2D X-ray diffraction (XRD) image with anomalies in it. The possible anomaly options are:
Options:

Background ring, 
Ice ring, 
Artifact, 
Diffuse scattering, 
Strong background, 
Non-uniform detector, 
Loop scattering,
No distinct anomalies.

Choose the correct option. 
IMPORTANT: Please do not provide any explanation. Just the anomaly option name.",Strong background.
266003f3_y####.png,"This is a 2D X-ray diffraction (XRD) image with anomalies in it. The possible anomaly options are:
Options:

Background ring, 
Ice ring, 
Artifact, 
Diffuse scattering, 
Strong background, 
Non-uniform detector, 
Loop scattering,
No distinct anomalies.

Choose the correct option. 
IMPORTANT: Please do not provide any explanation. Just the anomaly option name.",Strong background.
56381_4_001.png,"This is a 2D X-ray diffraction (XRD) image with anomalies in it. The possible anomaly options are:
Options:

Background ring, 
Ice ring, 
Artifact, 
Diffuse scattering, 
Strong background, 
Non-uniform detector, 
Loop scattering,
No distinct anomalies.

Choose the correct option. 
IMPORTANT: Please do not provide any explanation. Just the anomaly option name.",Strong background.
jqg8-3_9_001.png,"This is a 2D X-ray diffraction (XRD) image with anomalies in it. The possible anomaly options are:
Options:

Background ring, 
Ice ring, 
Artifact, 
Diffuse scattering, 
Strong background, 
Non-uniform detector, 
Loop scattering,
No distinct anomalies.

Choose the correct option. 
IMPORTANT: Please do not provide any explanation. Just the anomaly option name.",Strong background.
43942_1_001.png,"This is a 2D X-ray diffraction (XRD) image with anomalies in it. The possible anomaly options are:
Options:

Background ring, 
Ice ring, 
Artifact, 
Diffuse scattering, 
Strong background, 
Non-uniform detector, 
Loop scattering,
No distinct anomalies.

Choose the correct option. 
IMPORTANT: Please do not provide any explanation. Just the anomaly option name.",Strong background.
IDP01439_H-E-2_19-id_3_0001.png,"This is a 2D X-ray diffraction (XRD) image with anomalies in it. The possible anomaly options are:
Options:

Background ring, 
Ice ring, 
Artifact, 
Diffuse scattering, 
Strong background, 
Non-uniform detector, 
Loop scattering,
No distinct anomalies.

Choose the correct option. 
IMPORTANT: Please do not provide any explanation. Just the anomaly option name.",Strong background.
82888_1_E2_001.png,"This is a 2D X-ray diffraction (XRD) image with anomalies in it. The possible anomaly options are:
Options:

Background ring, 
Ice ring, 
Artifact, 
Diffuse scattering, 
Strong background, 
Non-uniform detector, 
Loop scattering,
No distinct anomalies.

Choose the correct option. 
IMPORTANT: Please do not provide any explanation. Just the anomaly option name.",Strong background.
HMB0020_gent_malCoA_15July15_n4_collect_0001.png,"This is a 2D X-ray diffraction (XRD) image with anomalies in it. The possible anomaly options are:
Options:

Background ring, 
Ice ring, 
Artifact, 
Diffuse scattering, 
Strong background, 
Non-uniform detector, 
Loop scattering,
No distinct anomalies.

Choose the correct option. 
IMPORTANT: Please do not provide any explanation. Just the anomaly option name.",Strong background.
246555b4_y00001.png,"This is a 2D X-ray diffraction (XRD) image with anomalies in it. The possible anomaly options are:
Options:

Background ring, 
Ice ring, 
Artifact, 
Diffuse scattering, 
Strong background, 
Non-uniform detector, 
Loop scattering,
No distinct anomalies.

Choose the correct option. 
IMPORTANT: Please do not provide any explanation. Just the anomaly option name.",Strong background.
119192_2_E2_001.png,"This is a 2D X-ray diffraction (XRD) image with anomalies in it. The possible anomaly options are:
Options:

Background ring, 
Ice ring, 
Artifact, 
Diffuse scattering, 
Strong background, 
Non-uniform detector, 
Loop scattering,
No distinct anomalies.

Choose the correct option. 
IMPORTANT: Please do not provide any explanation. Just the anomaly option name.",Strong background.
Mg1_HisAp_M1_H7_data.0001.png,"This is a 2D X-ray diffraction (XRD) image with anomalies in it. The possible anomaly options are:
Options:

Background ring, 
Ice ring, 
Artifact, 
Diffuse scattering, 
Strong background, 
Non-uniform detector, 
Loop scattering,
No distinct anomalies.

Choose the correct option. 
IMPORTANT: Please do not provide any explanation. Just the anomaly option name.",Strong background.
native-ph-4.6-x0001.png,"This is a 2D X-ray diffraction (XRD) image with anomalies in it. The possible anomaly options are:
Options:

Background ring, 
Ice ring, 
Artifact, 
Diffuse scattering, 
Strong background, 
Non-uniform detector, 
Loop scattering,
No distinct anomalies.

Choose the correct option. 
IMPORTANT: Please do not provide any explanation. Just the anomaly option name.",Strong background.
ESPG2_M1_B5_x3_data.0001.png,"This is a 2D X-ray diffraction (XRD) image with anomalies in it. The possible anomaly options are:
Options:

Background ring, 
Ice ring, 
Artifact, 
Diffuse scattering, 
Strong background, 
Non-uniform detector, 
Loop scattering,
No distinct anomalies.

Choose the correct option. 
IMPORTANT: Please do not provide any explanation. Just the anomaly option name.",Strong background.
202980_2_00001.png,"This is a 2D X-ray diffraction (XRD) image with anomalies in it. The possible anomaly options are:
Options:

Background ring, 
Ice ring, 
Artifact, 
Diffuse scattering, 
Strong background, 
Non-uniform detector, 
Loop scattering,
No distinct anomalies.

Choose the correct option. 
IMPORTANT: Please do not provide any explanation. Just the anomaly option name.",Strong background.
fum3-10_1_0001.png,"This is a 2D X-ray diffraction (XRD) image with anomalies in it. The possible anomaly options are:
Options:

Background ring, 
Ice ring, 
Artifact, 
Diffuse scattering, 
Strong background, 
Non-uniform detector, 
Loop scattering,
No distinct anomalies.

Choose the correct option. 
IMPORTANT: Please do not provide any explanation. Just the anomaly option name.",Strong background.
118866_1_E2_001.png,"This is a 2D X-ray diffraction (XRD) image with anomalies in it. The possible anomaly options are:
Options:

Background ring, 
Ice ring, 
Artifact, 
Diffuse scattering, 
Strong background, 
Non-uniform detector, 
Loop scattering,
No distinct anomalies.

Choose the correct option. 
IMPORTANT: Please do not provide any explanation. Just the anomaly option name.",Strong background.
